"","X","team","assists","team_games","assists_gp","corners","corners_gp","fouls","fouls_gp","ga","team_min","gaa","ps","psatt","pk_pct","points","points_gp","saves","save_pct","saves_gp","goals","gpg","sog","shatt","sog_pct","shots_gp","won","lost","tied","win_pct","sog_gp","season"
"1",1,"Stanford",102,25,4.08,179,7.16,204,8.16,12,2180,0.495,6,7,0.857,306,12.24,36,0.75,1.44,102,4.08,298,660,0.452,26.4,24,1,0,0.96,11.92,2019
"2",2,"Milwaukee",58,20,2.9,129,6.45,204,10.2,10,1737,0.518,3,3,1,152,7.6,79,0.888,3.95,47,2.35,138,305,0.452,15.25,17,2,1,0.875,6.9,2019
"3",3,"BYU",66,23,2.87,146,6.35,186,8.09,15,2011,0.671,3,3,1,228,9.91,75,0.833,3.26,81,3.52,226,468,0.483,20.35,21,1,1,0.935,9.83,2019
"4",4,"Arkansas",63,23,2.74,159,6.91,283,12.3,11,2124,0.466,5,5,1,187,8.13,75,0.872,3.26,62,2.7,175,370,0.473,16.09,17,4,2,0.783,7.61,2019
"5",5,"Campbell",51,19,2.68,142,7.47,138,7.26,20,1737,1.036,3,4,0.75,147,7.74,82,0.804,4.32,48,2.53,166,359,0.462,18.89,13,4,2,0.737,8.74,2019
"6",6,"Harvard",41,16,2.56,70,4.38,120,7.5,16,1460,0.986,3,4,0.75,111,6.94,65,0.802,4.06,35,2.19,126,238,0.529,14.88,12,3,1,0.781,7.88,2019
"7",7,"Texas A&M",56,22,2.55,131,5.95,208,9.45,20,2059,0.874,3,3,1,158,7.18,73,0.785,3.32,51,2.32,188,434,0.433,19.73,14,5,3,0.705,8.55,2019
"8",8,"Santa Clara",58,23,2.52,148,6.43,245,10.65,25,2119,1.062,3,4,0.75,176,7.65,92,0.786,4,59,2.57,187,378,0.495,16.43,15,6,2,0.696,8.13,2019
"9",9,"Lamar University",58,23,2.52,106,4.61,238,10.35,45,2067,1.959,2,3,0.667,198,8.61,136,0.751,5.91,70,3.04,198,380,0.521,16.52,16,7,0,0.696,8.61,2019
"10",10,"North Carolina",68,27,2.52,197,7.3,251,9.3,11,2481,0.399,4,5,0.8,206,7.63,57,0.838,2.11,69,2.56,218,481,0.453,17.81,24,2,1,0.907,8.07,2019
"11",11,"UCLA",59,24,2.46,171,7.13,167,6.96,20,2090,0.861,2,3,0.667,165,6.88,62,0.756,2.58,53,2.21,198,400,0.495,16.67,18,5,1,0.771,8.25,2019
"12",12,"Virginia",52,22,2.36,128,5.82,151,6.86,11,2072,0.478,2,3,0.667,178,8.09,41,0.788,1.86,63,2.86,166,349,0.476,15.86,17,2,3,0.841,7.55,2019
"13",13,"Hofstra",50,22,2.27,115,5.23,230,10.45,30,1844,1.464,5,6,0.833,152,6.91,54,0.643,2.45,51,2.32,152,369,0.412,16.77,16,4,2,0.773,6.91,2019
"14",14,"Ball St.",45,20,2.25,89,4.45,229,11.45,17,1871,0.818,0,1,0,113,5.65,91,0.843,4.55,34,1.7,111,245,0.453,12.25,15,5,0,0.75,5.55,2019
"15",15,"Georgetown",47,21,2.24,162,7.71,126,6,20,1949,0.923,4,4,1,137,6.52,53,0.726,2.52,45,2.14,140,319,0.439,15.19,13,5,3,0.69,6.67,2019
"16",16,"Cal St. Fullerton",47,21,2.24,166,7.9,205,9.76,21,1985,0.952,3,3,1,133,6.33,59,0.738,2.81,43,2.05,126,288,0.438,13.71,14,3,4,0.762,6,2019
"17",17,"Memphis",45,21,2.14,120,5.71,226,10.76,12,1910,0.565,3,3,1,153,7.29,59,0.831,2.81,54,2.57,178,351,0.507,16.71,17,3,1,0.833,8.48,2019
"18",18,"Massachusetts",40,19,2.11,94,4.95,210,11.05,31,1778,1.568,1,1,1,120,6.32,72,0.699,3.79,40,2.11,150,321,0.467,16.89,10,6,3,0.605,7.89,2019
"19",19,"Central Conn. St.",46,22,2.09,96,4.36,216,9.82,18,2032,0.797,3,3,1,134,6.09,68,0.791,3.09,44,2,156,319,0.489,14.5,13,5,4,0.682,7.09,2019
"20",20,"Dartmouth",35,17,2.06,71,4.18,125,7.35,13,1553,0.753,0,1,0,109,6.41,61,0.824,3.59,37,2.18,107,203,0.527,11.94,10,6,1,0.618,6.29,2019
"21",21,"Louisiana Tech",43,21,2.05,84,4,182,8.67,23,1985,1.042,6,6,1,147,7,104,0.819,4.95,52,2.48,125,250,0.5,11.9,13,6,2,0.667,5.95,2019
"22",22,"James Madison",45,22,2.05,142,6.45,207,9.41,48,2049,2.108,4,6,0.667,135,6.14,87,0.644,3.95,45,2.05,145,278,0.522,12.64,9,12,1,0.432,6.59,2019
"23",23,"Southern California",46,23,2,134,5.83,236,10.26,27,2110,1.151,1,1,1,140,6.09,85,0.759,3.7,47,2.04,172,356,0.483,15.48,17,5,1,0.761,7.48,2019
"24",24,"South Fla.",42,21,2,134,6.38,236,11.24,20,1910,0.942,3,4,0.75,130,6.19,58,0.744,2.76,44,2.1,171,365,0.468,17.38,16,5,0,0.762,8.14,2019
"25",25,"Bowling Green",46,23,2,130,5.65,337,14.65,26,2186,1.07,2,3,0.667,138,6,64,0.711,2.78,46,2,159,374,0.425,16.26,15,6,2,0.696,6.91,2019
"26",26,"Michigan",47,24,1.96,131,5.46,203,8.46,24,2126,1.016,2,4,0.5,139,5.79,81,0.771,3.38,46,1.92,177,356,0.497,14.83,17,6,1,0.729,7.38,2019
"27",27,"TCU",43,22,1.95,137,6.23,203,9.23,26,1859,1.258,2,3,0.667,121,5.5,95,0.785,4.32,39,1.77,141,369,0.382,16.77,11,8,3,0.568,6.41,2019
"28",28,"Ohio",41,21,1.95,89,4.24,143,6.81,35,1945,1.619,0,1,0,119,5.67,89,0.718,4.24,39,1.86,175,322,0.543,15.33,11,9,1,0.548,8.33,2019
"29",29,"Northern Ky.",35,18,1.94,68,3.78,210,11.67,23,1543,1.341,1,2,0.5,89,4.94,99,0.811,5.5,27,1.5,73,174,0.42,9.67,9,9,0,0.5,4.06,2019
"30",30,"Washington St.",46,24,1.92,154,6.42,256,10.67,26,2096,1.116,4,4,1,136,5.67,76,0.745,3.17,45,1.88,177,416,0.425,17.33,16,7,1,0.688,7.38,2019
"31",31,"Texas",38,20,1.9,90,4.5,139,6.95,29,1863,1.4,0,1,0,108,5.4,99,0.773,4.95,35,1.75,133,332,0.401,16.6,11,8,1,0.575,6.65,2019
"32",32,"Troy",36,19,1.89,85,4.47,159,8.37,19,1805,0.947,2,2,1,118,6.21,98,0.838,5.16,41,2.16,112,232,0.483,12.21,12,3,4,0.737,5.89,2019
"33",33,"Charlotte",35,19,1.84,102,5.37,162,8.53,24,1729,1.249,0,0,0,115,6.05,60,0.714,3.16,40,2.11,142,285,0.498,15,13,6,0,0.684,7.47,2019
"34",34,"Florida St.",44,24,1.83,128,5.33,203,8.46,27,2112,1.15,6,6,1,142,5.92,55,0.671,2.29,49,2.04,171,390,0.438,16.25,18,6,0,0.75,7.13,2019
"35",35,"Old Dominion",33,18,1.83,71,3.94,182,10.11,21,1646,1.148,0,0,0,107,5.94,54,0.72,3,37,2.06,106,273,0.388,15.17,10,4,4,0.667,5.89,2019
"36",36,"Xavier",42,23,1.83,129,5.61,249,10.83,17,2054,0.745,1,2,0.5,128,5.57,71,0.807,3.09,43,1.87,156,344,0.453,14.96,17,4,2,0.783,6.78,2019
"37",37,"Oklahoma St.",40,22,1.82,121,5.5,193,8.77,18,2069,0.783,0,2,0,140,6.36,83,0.822,3.77,50,2.27,135,300,0.45,13.64,16,3,3,0.795,6.14,2019
"38",38,"Iowa",38,21,1.81,120,5.71,257,12.24,19,1956,0.874,4,4,1,128,6.1,46,0.708,2.19,45,2.14,171,347,0.493,16.52,15,5,1,0.738,8.14,2019
"39",39,"Illinois St.",36,20,1.8,91,4.55,135,6.75,24,1715,1.259,2,3,0.667,120,6,85,0.78,4.25,42,2.1,146,277,0.527,13.85,14,6,0,0.7,7.3,2019
"40",40,"North Texas",39,22,1.77,123,5.59,239,10.86,17,1997,0.766,0,1,0,131,5.95,68,0.8,3.09,46,2.09,184,411,0.448,18.68,15,6,1,0.705,8.36,2019
"41",41,"Fla. Atlantic",37,21,1.76,153,7.29,190,9.05,24,1944,1.111,2,2,1,123,5.86,54,0.692,2.57,43,2.05,157,325,0.483,15.48,16,4,1,0.786,7.48,2019
"42",42,"Vanderbilt",37,21,1.76,137,6.52,188,8.95,13,1909,0.613,1,2,0.5,109,5.19,63,0.829,3,36,1.71,131,299,0.438,14.24,14,5,2,0.714,6.24,2019
"43",43,"Duke",35,20,1.75,92,4.6,192,9.6,14,1838,0.685,1,1,1,111,5.55,76,0.844,3.8,38,1.9,112,252,0.444,12.6,9,4,7,0.625,5.6,2019
"44",44,"SMU",35,20,1.75,111,5.55,197,9.85,18,1650,0.981,3,4,0.75,115,5.75,73,0.802,3.65,40,2,133,346,0.384,17.3,12,7,1,0.625,6.65,2019
"45",45,"Columbia",28,16,1.75,68,4.25,167,10.44,15,1349,1,0,1,0,78,4.88,62,0.805,3.88,25,1.56,101,211,0.479,13.19,9,3,4,0.688,6.31,2019
"46",46,"Yale",28,16,1.75,115,7.19,176,11,14,1489,0.846,1,2,0.5,90,5.63,47,0.77,2.94,31,1.94,97,248,0.391,15.5,11,4,1,0.719,6.06,2019
"47",47,"Monmouth",33,19,1.74,144,7.58,145,7.63,4,1780,0.202,3,5,0.6,125,6.58,48,0.923,2.53,46,2.42,173,376,0.46,19.79,14,2,3,0.816,9.11,2019
"48",48,"Oral Roberts",33,19,1.74,74,3.89,161,8.47,28,1773,1.421,1,2,0.5,101,5.32,92,0.767,4.84,34,1.79,126,256,0.492,13.47,6,9,4,0.421,6.63,2019
"49",49,"Radford",38,22,1.73,122,5.55,172,7.82,20,1909,0.943,1,3,0.333,112,5.09,109,0.845,4.95,37,1.68,141,329,0.429,14.95,16,6,0,0.727,6.41,2019
"50",50,"FGCU",29,17,1.71,95,5.59,202,11.88,16,1583,0.909,2,3,0.667,85,5,66,0.805,3.88,28,1.65,122,248,0.492,14.59,11,5,1,0.676,7.18,2019
"51",51,"Alabama",34,20,1.7,159,7.95,209,10.45,25,1904,1.181,4,6,0.667,108,5.4,73,0.745,3.65,37,1.85,156,345,0.452,17.25,10,7,3,0.575,7.8,2019
"52",52,"South Alabama",37,22,1.68,133,6.05,217,9.86,14,2073,0.608,5,8,0.625,137,6.23,68,0.829,3.09,50,2.27,185,400,0.463,18.18,16,4,2,0.773,8.41,2019
"53",53,"Boston College",30,18,1.67,95,5.28,160,8.89,31,1573,1.773,2,2,1,96,5.33,63,0.67,3.5,33,1.83,85,222,0.383,12.33,8,8,2,0.5,4.72,2019
"54",54,"Furman",35,21,1.67,109,5.19,207,9.86,19,1824,0.937,2,2,1,111,5.29,58,0.753,2.76,38,1.81,131,305,0.43,14.52,14,6,1,0.69,6.24,2019
"55",55,"South Carolina",40,24,1.67,116,4.83,202,8.42,8,2225,0.324,2,3,0.667,126,5.25,56,0.875,2.33,43,1.79,141,301,0.468,12.54,19,2,3,0.854,5.88,2019
"56",56,"Clemson",33,20,1.65,135,6.75,199,9.95,25,1861,1.209,0,0,0,99,4.95,63,0.716,3.15,33,1.65,139,319,0.436,15.95,11,7,2,0.6,6.95,2019
"57",57,"Colorado Col.",28,17,1.65,104,6.12,178,10.47,18,1413,1.146,1,1,1,82,4.82,63,0.778,3.71,27,1.59,143,290,0.493,17.06,10,7,0,0.588,8.41,2019
"58",58,"Kansas",41,25,1.64,131,5.24,252,10.08,20,2337,0.77,3,3,1,131,5.24,94,0.825,3.76,45,1.8,150,362,0.414,14.48,17,5,3,0.74,6,2019
"59",59,"Brown",31,19,1.63,125,6.58,187,9.84,8,1789,0.402,2,2,1,95,5,65,0.89,3.42,32,1.68,131,284,0.461,14.95,14,2,3,0.816,6.89,2019
"60",60,"Utah Valley",34,21,1.62,91,4.33,197,9.38,28,1836,1.372,3,3,1,114,5.43,80,0.741,3.81,40,1.9,147,291,0.505,13.86,11,9,1,0.548,7,2019
"61",61,"NC State",37,23,1.61,104,4.52,182,7.91,24,2031,1.063,3,4,0.75,109,4.74,72,0.75,3.13,36,1.57,133,299,0.445,13,12,7,4,0.609,5.78,2019
"62",62,"Pepperdine",32,20,1.6,93,4.65,176,8.8,24,1711,1.262,4,4,1,104,5.2,71,0.747,3.55,36,1.8,142,285,0.498,14.25,11,6,3,0.625,7.1,2019
"63",63,"UNCW",27,17,1.59,84,4.94,209,12.29,17,1554,0.984,1,1,1,93,5.47,50,0.746,2.94,33,1.94,93,212,0.439,12.47,10,6,1,0.618,5.47,2019
"64",64,"Saint Francis (PA)",27,17,1.59,72,4.24,136,8,35,1526,2.064,3,4,0.75,85,5,93,0.727,5.47,29,1.71,116,231,0.502,13.59,7,9,1,0.441,6.82,2019
"65",65,"George Washington",33,21,1.57,87,4.14,204,9.71,24,1981,1.09,1,1,1,119,5.67,91,0.791,4.33,43,2.05,197,361,0.546,17.19,14,3,4,0.762,9.38,2019
"66",66,"Boise St.",36,23,1.57,123,5.35,290,12.61,17,2094,0.731,1,1,1,128,5.57,88,0.838,3.83,46,2,185,397,0.466,17.26,18,5,0,0.783,8.04,2019
"67",67,"Air Force",28,18,1.56,80,4.44,182,10.11,25,1679,1.34,2,3,0.667,100,5.56,74,0.747,4.11,36,2,119,266,0.447,14.78,10,7,1,0.583,6.61,2019
"68",68,"Rider",28,18,1.56,80,4.44,175,9.72,24,1342,1.609,1,3,0.333,84,4.67,98,0.803,5.44,28,1.56,107,250,0.428,13.89,8,6,4,0.556,5.94,2019
"69",69,"Wake Forest",28,18,1.56,54,3,176,9.78,27,1696,1.433,2,3,0.667,86,4.78,68,0.716,3.78,29,1.61,97,211,0.46,11.72,6,8,4,0.444,5.39,2019
"70",70,"Arizona St.",31,20,1.55,56,2.8,132,6.6,31,1861,1.499,1,3,0.333,97,4.85,88,0.739,4.4,33,1.65,91,245,0.371,12.25,6,11,3,0.375,4.55,2019
"71",71,"UC Santa Barbara",29,19,1.53,97,5.11,227,11.95,21,1655,1.142,0,0,0,91,4.79,62,0.747,3.26,31,1.63,101,227,0.445,11.95,8,5,6,0.579,5.32,2019
"72",72,"Mississippi St.",29,19,1.53,94,4.95,193,10.16,32,1785,1.613,3,3,1,87,4.58,75,0.701,3.95,29,1.53,107,270,0.396,14.21,8,8,3,0.5,5.63,2019
"73",73,"Lipscomb",32,21,1.52,91,4.33,158,7.52,19,1840,0.929,1,2,0.5,114,5.43,92,0.829,4.38,41,1.95,146,297,0.492,14.14,14,6,1,0.69,6.95,2019
"74",74,"Saint Louis",35,23,1.52,142,6.17,212,9.22,11,1986,0.498,3,3,1,125,5.43,65,0.855,2.83,45,1.96,164,371,0.442,16.13,17,4,2,0.783,7.13,2019
"75",75,"Buffalo",30,20,1.5,104,5.2,162,8.1,21,1899,0.995,6,6,1,96,4.8,87,0.806,4.35,33,1.65,150,295,0.508,14.75,9,8,3,0.525,7.5,2019
"76",76,"UNC Greensboro",30,20,1.5,117,5.85,201,10.05,29,1849,1.411,1,1,1,96,4.8,74,0.718,3.7,33,1.65,151,313,0.482,15.65,10,8,2,0.55,7.55,2019
"77",77,"San Diego St.",30,20,1.5,83,4.15,144,7.2,36,1731,1.872,3,3,1,90,4.5,73,0.67,3.65,30,1.5,101,235,0.43,11.75,10,9,1,0.525,5.05,2019
"78",78,"Stony Brook",31,21,1.48,127,6.05,223,10.62,22,1740,1.138,1,1,1,103,4.9,90,0.804,4.29,36,1.71,134,270,0.496,12.86,14,6,1,0.69,6.38,2019
"79",79,"North Florida",28,19,1.47,59,3.11,181,9.53,21,1777,1.063,2,2,1,94,4.95,50,0.704,2.63,33,1.74,132,250,0.528,13.16,11,6,2,0.632,6.95,2019
"80",80,"Abilene Christian",28,19,1.47,110,5.79,110,5.79,25,1764,1.275,3,4,0.75,118,6.21,80,0.762,4.21,45,2.37,194,389,0.499,20.47,12,5,2,0.684,10.21,2019
"81",81,"Seattle U",32,22,1.45,83,3.77,216,9.82,32,2062,1.397,1,2,0.5,108,4.91,90,0.738,4.09,38,1.73,140,353,0.397,16.05,12,8,2,0.591,6.36,2019
"82",82,"UTEP",29,20,1.45,70,3.5,218,10.9,25,1876,1.199,3,3,1,85,4.25,65,0.722,3.25,28,1.4,116,258,0.45,12.9,10,7,3,0.575,5.8,2019
"83",83,"Kennesaw St.",29,20,1.45,107,5.35,225,11.25,22,1862,1.063,0,1,0,87,4.35,84,0.792,4.2,29,1.45,138,285,0.484,14.25,12,8,0,0.6,6.9,2019
"84",84,"Elon",29,20,1.45,75,3.75,185,9.25,33,1765,1.682,1,2,0.5,113,5.65,76,0.697,3.8,42,2.1,134,251,0.534,12.55,12,6,2,0.65,6.7,2019
"85",85,"Western Ky.",26,18,1.44,100,5.56,180,10,19,1709,1,2,2,1,90,5,73,0.793,4.06,32,1.78,122,295,0.414,16.39,10,7,1,0.583,6.78,2019
"86",86,"Oakland",26,18,1.44,81,4.5,161,8.94,26,1700,1.376,0,2,0,68,3.78,65,0.714,3.61,21,1.17,96,172,0.558,9.56,7,8,3,0.472,5.33,2019
"87",87,"Penn St.",36,25,1.44,117,4.68,141,5.64,27,2308,1.053,2,3,0.667,138,5.52,81,0.75,3.24,51,2.04,165,343,0.481,13.72,17,7,1,0.7,6.6,2019
"88",88,"Winthrop",23,16,1.44,67,4.19,131,8.19,22,1460,1.356,1,3,0.333,79,4.94,69,0.758,4.31,28,1.75,119,217,0.548,13.56,8,7,1,0.531,7.44,2019
"89",89,"The Citadel",27,19,1.42,83,4.37,219,11.53,43,1705,2.27,2,3,0.667,89,4.68,88,0.672,4.63,31,1.63,141,304,0.464,16,6,11,2,0.368,7.42,2019
"90",90,"Butler",27,19,1.42,105,5.53,191,10.05,16,1796,0.801,2,3,0.667,87,4.58,65,0.802,3.42,30,1.58,130,268,0.485,14.11,10,6,3,0.605,6.84,2019
"91",91,"Quinnipiac",27,19,1.42,99,5.21,224,11.79,18,1641,0.987,1,3,0.333,75,3.95,72,0.8,3.79,24,1.26,128,247,0.518,13,10,8,1,0.553,6.74,2019
"92",92,"Murray St.",27,19,1.42,113,5.95,183,9.63,29,1754,1.487,3,5,0.6,115,6.05,72,0.713,3.79,44,2.32,173,333,0.52,17.53,11,8,0,0.579,9.11,2019
"93",93,"South Dakota",27,19,1.42,97,5.11,223,11.74,26,1787,1.309,2,2,1,87,4.58,98,0.79,5.16,30,1.58,107,244,0.439,12.84,8,9,2,0.474,5.63,2019
"94",94,"North Dakota",27,19,1.42,104,5.47,178,9.37,26,1772,1.321,3,4,0.75,93,4.89,98,0.79,5.16,33,1.74,104,216,0.481,11.37,10,8,1,0.553,5.47,2019
"95",95,"Princeton",24,17,1.41,75,4.41,152,8.94,16,1594,0.903,1,1,1,70,4.12,73,0.82,4.29,23,1.35,116,271,0.428,15.94,8,6,3,0.559,6.82,2019
"96",96,"Texas Tech",31,22,1.41,126,5.73,233,10.59,18,1980,0.818,3,4,0.75,123,5.59,75,0.806,3.41,46,2.09,144,341,0.422,15.5,15,4,3,0.75,6.55,2019
"97",97,"Army West Point",28,20,1.4,99,4.95,178,8.9,19,1883,0.908,1,2,0.5,76,3.8,66,0.776,3.3,24,1.2,114,242,0.471,12.1,9,7,4,0.55,5.7,2019
"98",98,"SIUE",28,20,1.4,155,7.75,234,11.7,26,1920,1.218,1,2,0.5,118,5.9,109,0.807,5.45,45,2.25,180,355,0.507,17.75,10,5,5,0.625,9,2019
"99",99,"La Salle",28,20,1.4,68,3.4,238,11.9,27,1839,1.321,1,1,1,82,4.1,107,0.799,5.35,27,1.35,103,225,0.458,11.25,11,8,1,0.575,5.15,2019
"100",100,"IUPUI",28,20,1.4,94,4.7,271,13.55,20,1833,0.981,2,2,1,84,4.2,107,0.843,5.35,28,1.4,125,287,0.436,14.35,12,7,1,0.625,6.25,2019
"101",101,"Loyola Chicago",28,20,1.4,154,7.7,208,10.4,20,1832,0.982,1,1,1,98,4.9,69,0.775,3.45,35,1.75,118,271,0.435,13.55,14,5,1,0.725,5.9,2019
"102",102,"Howard",25,18,1.39,104,5.78,126,7,12,1642,0.658,3,3,1,89,4.94,71,0.855,3.94,32,1.78,127,255,0.498,14.17,14,4,0,0.778,7.06,2019
"103",103,"New Hampshire",25,18,1.39,82,4.56,146,8.11,18,1621,0.999,1,1,1,81,4.5,75,0.806,4.17,28,1.56,117,244,0.48,13.56,10,8,0,0.556,6.5,2019
"104",104,"Florida",29,21,1.38,119,5.67,176,8.38,31,1825,1.529,2,3,0.667,105,5,68,0.687,3.24,38,1.81,137,263,0.521,12.52,11,9,1,0.548,6.52,2019
"105",105,"Miami (FL)",22,16,1.38,49,3.06,122,7.63,31,1485,1.878,3,3,1,70,4.38,72,0.699,4.5,24,1.5,73,143,0.51,8.94,5,9,2,0.375,4.56,2019
"106",106,"Gonzaga",26,19,1.37,116,6.11,206,10.84,23,1752,1.181,5,6,0.833,104,5.47,67,0.744,3.53,39,2.05,160,314,0.51,16.53,12,6,1,0.658,8.42,2019
"107",107,"Tulsa",26,19,1.37,69,3.63,161,8.47,35,1647,1.911,0,1,0,96,5.05,103,0.746,5.42,35,1.84,121,266,0.455,14,8,11,0,0.421,6.37,2019
"108",108,"Denver",27,20,1.35,115,5.75,237,11.85,9,1883,0.43,3,3,1,95,4.75,40,0.816,2,34,1.7,128,297,0.431,14.85,12,5,3,0.675,6.4,2019
"109",109,"Pittsburgh",24,18,1.33,72,4,187,10.39,32,1710,1.684,3,3,1,72,4,82,0.719,4.56,24,1.33,84,199,0.422,11.06,5,10,3,0.361,4.67,2019
"110",110,"VCU",24,18,1.33,122,6.78,170,9.44,22,1681,1.178,2,3,0.667,94,5.22,56,0.718,3.11,35,1.94,135,326,0.414,18.11,9,6,3,0.583,7.5,2019
"111",111,"Colorado",29,22,1.32,79,3.59,193,8.77,27,1946,1.248,4,4,1,101,4.59,101,0.789,4.59,36,1.64,115,308,0.373,14,12,8,2,0.591,5.23,2019
"112",112,"Oregon St.",25,19,1.32,89,4.68,189,9.95,18,1769,0.916,0,0,0,87,4.58,72,0.8,3.79,31,1.63,103,262,0.393,13.79,11,6,2,0.632,5.42,2019
"113",113,"Michigan St.",25,19,1.32,70,3.68,188,9.89,29,1750,1.491,2,2,1,83,4.37,84,0.743,4.42,29,1.53,96,201,0.478,10.58,8,10,1,0.447,5.05,2019
"114",114,"Georgia",25,19,1.32,74,3.89,183,9.63,16,1709,0.842,1,2,0.5,77,4.05,67,0.807,3.53,26,1.37,120,255,0.471,13.42,8,7,4,0.526,6.32,2019
"115",115,"San Francisco",26,20,1.3,114,5.7,221,11.05,41,1913,1.929,2,4,0.5,106,5.3,111,0.73,5.55,40,2,136,247,0.551,12.35,10,8,2,0.55,6.8,2019
"116",116,"Fairfield",26,20,1.3,85,4.25,214,10.7,33,1881,1.578,3,4,0.75,114,5.7,74,0.692,3.7,44,2.2,149,292,0.51,14.6,11,6,3,0.625,7.45,2019
"117",117,"UTSA",22,17,1.29,73,4.29,166,9.76,23,1469,1.409,0,0,0,70,4.12,59,0.72,3.47,24,1.41,102,216,0.472,12.71,8,8,1,0.5,6,2019
"118",118,"Rutgers",27,21,1.29,85,4.05,162,7.71,14,1978,0.637,4,5,0.8,93,4.43,66,0.825,3.14,33,1.57,126,275,0.458,13.1,15,4,2,0.762,6,2019
"119",119,"Missouri",23,18,1.28,107,5.94,172,9.56,36,1664,1.946,7,9,0.778,83,4.61,77,0.681,4.28,30,1.67,100,232,0.431,12.89,7,10,1,0.417,5.56,2019
"120",120,"Richmond",23,18,1.28,74,4.11,178,9.89,27,1668,1.457,2,2,1,73,4.06,93,0.775,5.17,25,1.39,83,180,0.461,10,7,9,2,0.444,4.61,2019
"121",121,"West Virginia",28,22,1.27,148,6.73,167,7.59,26,2048,1.142,1,2,0.5,98,4.45,91,0.778,4.14,35,1.59,129,304,0.424,13.82,12,8,2,0.591,5.86,2019
"122",122,"Auburn",24,19,1.26,87,4.58,146,7.68,29,1794,1.455,4,4,1,76,4,76,0.724,4,26,1.37,99,228,0.434,12,7,10,2,0.421,5.21,2019
"123",123,"Northeastern",24,19,1.26,93,4.89,180,9.47,25,1786,1.259,0,0,0,94,4.95,70,0.737,3.68,35,1.84,127,269,0.472,14.16,8,10,1,0.447,6.68,2019
"124",124,"Oregon",24,19,1.26,71,3.74,198,10.42,35,1817,1.733,0,0,0,76,4,68,0.66,3.58,26,1.37,103,235,0.438,12.37,5,9,5,0.395,5.42,2019
"125",125,"Dayton",24,19,1.26,104,5.47,194,10.21,25,1709,1.316,4,4,1,76,4,61,0.709,3.21,26,1.37,108,276,0.391,14.53,7,9,3,0.447,5.68,2019
"126",126,"Middle Tenn.",24,19,1.26,77,4.05,226,11.89,42,1697,2.227,8,9,0.889,118,6.21,63,0.6,3.32,47,2.47,144,302,0.477,15.89,8,10,1,0.447,7.58,2019
"127",127,"Arizona",25,20,1.25,122,6.1,175,8.75,28,1856,1.357,1,1,1,107,5.35,78,0.736,3.9,41,2.05,130,303,0.429,15.15,12,7,1,0.625,6.5,2019
"128",128,"McNeese",25,20,1.25,84,4.2,155,7.75,30,1878,1.437,1,2,0.5,85,4.25,86,0.741,4.3,30,1.5,159,305,0.521,15.25,11,9,0,0.55,7.95,2019
"129",129,"UNI",20,16,1.25,54,3.38,136,8.5,35,1358,2.319,1,3,0.333,66,4.13,76,0.685,4.75,23,1.44,91,196,0.464,12.25,5,11,0,0.313,5.69,2019
"130",130,"Penn",20,16,1.25,83,5.19,192,12,16,1394,1.033,1,1,1,62,3.88,78,0.83,4.88,21,1.31,100,214,0.467,13.38,8,7,1,0.531,6.25,2019
"131",131,"Mercer",25,20,1.25,140,7,209,10.45,22,1867,1.06,4,4,1,101,5.05,112,0.836,5.6,38,1.9,132,301,0.439,15.05,16,4,0,0.8,6.6,2019
"132",132,"Navy",27,22,1.23,110,5,228,10.36,12,2066,0.523,2,4,0.5,83,3.77,49,0.803,2.23,28,1.27,126,330,0.382,15,16,3,3,0.795,5.73,2019
"133",133,"Samford",27,22,1.23,105,4.77,309,14.05,22,1990,0.995,3,3,1,119,5.41,98,0.817,4.45,46,2.09,177,347,0.51,15.77,13,4,5,0.705,8.05,2019
"134",134,"Lafayette",22,18,1.22,75,4.17,152,8.44,18,1747,0.927,1,1,1,70,3.89,71,0.798,3.94,24,1.33,121,245,0.494,13.61,7,6,5,0.528,6.72,2019
"135",135,"Binghamton",22,18,1.22,92,5.11,184,10.22,20,1655,1.088,1,2,0.5,70,3.89,69,0.775,3.83,24,1.33,104,208,0.5,11.56,10,6,2,0.611,5.78,2019
"136",136,"Marshall",22,18,1.22,66,3.67,149,8.28,46,1653,2.504,0,1,0,78,4.33,112,0.709,6.22,28,1.56,82,161,0.509,8.94,4,14,0,0.222,4.56,2019
"137",137,"High Point",23,19,1.21,88,4.63,162,8.53,19,1689,1.012,4,4,1,81,4.26,80,0.808,4.21,29,1.53,110,230,0.478,12.11,10,7,2,0.579,5.79,2019
"138",138,"Sacramento St.",23,19,1.21,80,4.21,236,12.42,14,1857,0.678,1,1,1,79,4.16,102,0.879,5.37,28,1.47,97,197,0.492,10.37,11,2,6,0.737,5.11,2019
"139",139,"SFA",23,19,1.21,86,4.53,125,6.58,30,1760,1.534,1,1,1,85,4.47,113,0.79,5.95,31,1.63,90,235,0.383,12.37,8,11,0,0.421,4.74,2019
"140",140,"UT Martin",23,19,1.21,96,5.05,189,9.95,31,1618,1.723,3,3,1,89,4.68,103,0.769,5.42,33,1.74,140,291,0.481,15.32,8,6,5,0.553,7.37,2019
"141",141,"Kansas City",25,21,1.19,100,4.76,239,11.38,18,1978,0.819,4,5,0.8,93,4.43,66,0.786,3.14,34,1.62,138,310,0.445,14.76,13,4,4,0.714,6.57,2019
"142",142,"Notre Dame",25,21,1.19,114,5.43,201,9.57,23,1949,1.062,2,2,1,87,4.14,51,0.689,2.43,31,1.48,122,241,0.506,11.48,11,8,2,0.571,5.81,2019
"143",143,"Washington",25,21,1.19,121,5.76,238,11.33,20,1942,0.927,2,5,0.4,77,3.67,75,0.789,3.57,26,1.24,119,280,0.425,13.33,12,7,2,0.619,5.67,2019
"144",144,"Eastern Mich.",26,22,1.18,99,4.5,230,10.45,44,2053,1.929,4,5,0.8,92,4.18,119,0.73,5.41,33,1.5,158,314,0.503,14.27,8,12,2,0.409,7.18,2019
"145",145,"Gardner-Webb",26,22,1.18,102,4.64,227,10.32,35,2046,1.539,3,3,1,88,4,134,0.793,6.09,31,1.41,137,325,0.422,14.77,10,11,1,0.477,6.23,2019
"146",146,"UC Irvine",21,18,1.17,66,3.67,209,11.61,37,1697,1.961,0,2,0,53,2.94,71,0.657,3.94,16,0.89,73,159,0.459,8.83,4,12,2,0.278,4.06,2019
"147",147,"Green Bay",21,18,1.17,65,3.61,211,11.72,25,1554,1.447,0,0,0,75,4.17,50,0.667,2.78,27,1.5,124,253,0.49,14.06,7,10,1,0.417,6.89,2019
"148",148,"Missouri St.",21,18,1.17,59,3.28,198,11,18,1577,1.027,0,1,0,73,4.06,74,0.804,4.11,26,1.44,76,155,0.49,8.61,11,5,2,0.667,4.22,2019
"149",149,"Tennessee",21,18,1.17,92,5.11,161,8.94,17,1713,0.893,3,4,0.75,73,4.06,66,0.795,3.67,26,1.44,109,233,0.468,12.94,9,6,3,0.583,6.06,2019
"150",150,"Creighton",21,18,1.17,94,5.22,208,11.56,21,1592,1.187,1,2,0.5,71,3.94,78,0.788,4.33,25,1.39,118,261,0.452,14.5,8,7,3,0.528,6.56,2019
"151",151,"Liberty",22,19,1.16,81,4.26,191,10.05,23,1773,1.167,0,0,0,74,3.89,96,0.807,5.05,26,1.37,124,233,0.532,12.26,10,7,2,0.579,6.53,2019
"152",152,"UCF",22,19,1.16,114,6,174,9.16,11,1798,0.551,4,6,0.667,88,4.63,60,0.845,3.16,33,1.74,117,258,0.453,13.58,11,4,4,0.684,6.16,2019
"153",153,"Villanova",23,20,1.15,98,4.9,177,8.85,28,1870,1.347,0,1,0,77,3.85,86,0.754,4.3,27,1.35,106,239,0.444,11.95,10,7,3,0.575,5.3,2019
"154",154,"Louisiana",23,20,1.15,91,4.55,222,11.1,23,1796,1.152,4,4,1,79,3.95,69,0.75,3.45,28,1.4,119,247,0.482,12.35,9,8,3,0.525,5.95,2019
"155",155,"CSU Bakersfield",23,20,1.15,104,5.2,202,10.1,26,1859,1.259,1,1,1,77,3.85,82,0.759,4.1,27,1.35,98,211,0.464,10.55,10,9,1,0.525,4.9,2019
"156",156,"New Mexico",23,20,1.15,87,4.35,224,11.2,24,1743,1.239,1,3,0.333,81,4.05,99,0.805,4.95,29,1.45,137,308,0.445,15.4,11,8,1,0.575,6.85,2019
"157",157,"Maine",16,14,1.14,57,4.07,151,10.79,21,1189,1.589,1,1,1,50,3.57,57,0.731,4.07,17,1.21,90,173,0.52,12.36,5,8,1,0.393,6.43,2019
"158",158,"California",24,21,1.14,102,4.86,173,8.24,15,1951,0.692,3,3,1,88,4.19,90,0.857,4.29,32,1.52,107,261,0.41,12.43,13,5,3,0.69,5.1,2019
"159",159,"Wisconsin",25,22,1.14,138,6.27,213,9.68,12,2042,0.529,3,3,1,83,3.77,70,0.854,3.18,29,1.32,135,279,0.484,12.68,16,4,2,0.773,6.14,2019
"160",160,"Bryant",19,17,1.12,89,5.24,167,9.82,13,1611,0.726,1,4,0.25,65,3.82,70,0.843,4.12,23,1.35,116,223,0.52,13.12,9,4,4,0.647,6.82,2019
"161",161,"George Mason",19,17,1.12,73,4.29,168,9.88,35,1379,2.283,0,0,0,55,3.24,56,0.615,3.29,18,1.06,61,145,0.421,8.53,3,11,3,0.265,3.59,2019
"162",162,"Albany (NY)",20,18,1.11,93,5.17,154,8.56,23,1691,1.224,4,5,0.8,74,4.11,77,0.77,4.28,27,1.5,120,286,0.42,15.89,9,6,3,0.583,6.67,2019
"163",163,"Kent St.",20,18,1.11,81,4.5,209,11.61,24,1683,1.283,3,3,1,74,4.11,73,0.753,4.06,27,1.5,144,303,0.475,16.83,6,9,3,0.417,8,2019
"164",164,"Appalachian St.",20,18,1.11,93,5.17,132,7.33,22,1689,1.172,1,1,1,66,3.67,82,0.788,4.56,23,1.28,89,204,0.436,11.33,5,10,3,0.361,4.94,2019
"165",165,"Virginia Tech",21,19,1.11,92,4.84,232,12.21,15,1748,0.772,1,1,1,73,3.84,77,0.837,4.05,26,1.37,99,218,0.454,11.47,12,5,2,0.684,5.21,2019
"166",166,"Chattanooga",21,19,1.11,69,3.63,205,10.79,15,1786,0.756,0,0,0,73,3.84,84,0.848,4.42,26,1.37,105,224,0.469,11.79,9,6,4,0.579,5.53,2019
"167",167,"Northern Ariz.",21,19,1.11,110,5.79,242,12.74,24,1735,1.245,0,1,0,70,3.68,53,0.688,2.79,26,1.37,138,260,0.531,13.68,8,8,3,0.5,7.26,2019
"168",168,"Marist",21,19,1.11,104,5.47,164,8.63,26,1612,1.451,1,3,0.333,71,3.74,116,0.817,6.11,25,1.32,104,214,0.486,11.26,8,10,1,0.447,5.47,2019
"169",169,"Louisville",22,20,1.1,95,4.75,159,7.95,18,1797,0.901,5,6,0.833,82,4.1,52,0.743,2.6,30,1.5,113,230,0.491,11.5,13,5,2,0.7,5.65,2019
"170",170,"Colorado St.",22,20,1.1,70,3.5,202,10.1,15,1887,0.715,1,2,0.5,74,3.7,111,0.881,5.55,26,1.3,119,242,0.492,12.1,12,6,2,0.65,5.95,2019
"171",171,"Fresno St.",22,20,1.1,118,5.9,223,11.15,24,1879,1.149,0,0,0,78,3.9,72,0.75,3.6,28,1.4,94,224,0.42,11.2,10,7,3,0.575,4.7,2019
"172",172,"South Dakota St.",24,22,1.09,117,5.32,198,9,9,2020,0.401,1,2,0.5,84,3.82,102,0.919,4.64,30,1.36,126,314,0.401,14.27,16,5,1,0.75,5.73,2019
"173",173,"Central Ark.",19,18,1.06,99,5.5,174,9.67,40,1583,2.273,2,4,0.5,75,4.17,86,0.683,4.78,28,1.56,112,260,0.431,14.44,5,12,1,0.306,6.22,2019
"174",174,"Wright St.",19,18,1.06,50,2.78,204,11.33,29,1570,1.662,2,2,1,83,4.61,76,0.724,4.22,32,1.78,103,218,0.472,12.11,10,6,2,0.611,5.72,2019
"175",175,"Western Caro.",20,19,1.05,86,4.53,155,8.16,29,1651,1.581,2,3,0.667,70,3.68,71,0.71,3.74,25,1.32,110,246,0.447,12.95,11,8,0,0.579,5.79,2019
"176",176,"Charleston So.",20,19,1.05,72,3.79,172,9.05,31,1755,1.59,3,3,1,80,4.21,104,0.77,5.47,30,1.58,111,239,0.464,12.58,7,10,2,0.421,5.84,2019
"177",177,"UIC",20,19,1.05,89,4.68,222,11.68,12,1754,0.615,2,2,1,70,3.68,69,0.852,3.63,25,1.32,136,267,0.509,14.05,12,6,1,0.658,7.16,2019
"178",178,"Toledo",20,19,1.05,68,3.58,235,12.37,34,1629,1.878,3,3,1,66,3.47,91,0.728,4.79,23,1.21,95,189,0.503,9.95,7,12,0,0.368,5,2019
"179",179,"Western Mich.",20,19,1.05,87,4.58,123,6.47,29,1745,1.495,2,2,1,66,3.47,102,0.779,5.37,23,1.21,93,190,0.489,10,8,10,1,0.447,4.89,2019
"180",180,"Ole Miss",21,20,1.05,126,6.3,170,8.5,26,1900,1.231,4,4,1,87,4.35,93,0.782,4.65,33,1.65,137,330,0.415,16.5,10,7,3,0.575,6.85,2019
"181",181,"Maryland",21,20,1.05,92,4.6,168,8.4,31,1873,1.489,0,0,0,71,3.55,96,0.756,4.8,25,1.25,124,263,0.471,13.15,9,8,3,0.525,6.2,2019
"182",182,"Grambling",23,22,1.05,79,3.59,223,10.14,32,1919,1.501,3,3,1,89,4.05,88,0.733,4,33,1.5,153,306,0.5,13.91,10,11,1,0.477,6.95,2019
"183",183,"Iona",20,20,1,52,2.6,212,10.6,43,1850,2.091,3,3,1,66,3.3,92,0.681,4.6,23,1.15,106,226,0.469,11.3,7,11,2,0.4,5.3,2019
"184",184,"Houston",20,20,1,94,4.7,157,7.85,43,1832,2.112,0,1,0,66,3.3,77,0.642,3.85,23,1.15,106,227,0.467,11.35,6,14,0,0.3,5.3,2019
"185",185,"Hartford",19,19,1,108,5.68,158,8.32,19,1803,0.948,2,3,0.667,71,3.74,89,0.824,4.68,26,1.37,106,210,0.505,11.05,10,7,2,0.579,5.58,2019
"186",186,"Hawaii",18,18,1,59,3.28,181,10.06,27,1726,1.408,2,3,0.667,56,3.11,104,0.794,5.78,19,1.06,105,190,0.553,10.56,6,8,4,0.444,5.83,2019
"187",187,"Ohio St.",18,18,1,98,5.44,198,11,23,1719,1.204,0,2,0,52,2.89,87,0.791,4.83,17,0.94,98,259,0.378,14.39,4,10,4,0.333,5.44,2019
"188",188,"Delaware",19,19,1,95,5,225,11.84,18,1795,0.902,2,2,1,75,3.95,73,0.802,3.84,28,1.47,112,275,0.407,14.47,12,7,0,0.632,5.89,2019
"189",189,"Siena",19,19,1,81,4.26,198,10.42,30,1693,1.595,1,1,1,51,2.68,108,0.783,5.68,16,0.84,115,243,0.473,12.79,4,11,4,0.316,6.05,2019
"190",190,"Saint Mary's (CA)",19,19,1,85,4.47,192,10.11,37,1667,1.997,1,2,0.5,53,2.79,75,0.67,3.95,17,0.89,115,260,0.442,13.68,7,11,1,0.395,6.05,2019
"191",191,"Fairleigh Dickinson",21,21,1,89,4.24,262,12.48,19,1934,0.884,1,2,0.5,79,3.76,107,0.849,5.1,29,1.38,124,322,0.385,15.33,9,6,6,0.571,5.9,2019
"192",192,"Belmont",21,22,0.95,60,2.73,180,8.18,32,2003,1.437,0,0,0,69,3.14,136,0.81,6.18,24,1.09,113,237,0.477,10.77,8,9,5,0.477,5.14,2019
"193",193,"Eastern Wash.",20,21,0.95,129,6.14,274,13.05,23,1868,1.108,2,2,1,86,4.1,81,0.779,3.86,33,1.57,133,291,0.457,13.86,11,8,2,0.571,6.33,2019
"194",194,"ETSU",19,20,0.95,84,4.2,191,9.55,23,1911,1.083,0,0,0,67,3.35,81,0.779,4.05,24,1.2,127,273,0.465,13.65,5,11,4,0.35,6.35,2019
"195",195,"Oklahoma",19,20,0.95,95,4.75,227,11.35,30,1930,1.399,3,6,0.5,69,3.45,69,0.697,3.45,25,1.25,105,258,0.407,12.9,8,9,3,0.475,5.25,2019
"196",196,"Rice",18,19,0.95,82,4.32,166,8.74,24,1778,1.214,6,7,0.857,78,4.11,99,0.805,5.21,30,1.58,93,211,0.441,11.11,10,6,3,0.605,4.89,2019
"197",197,"Cincinnati",18,19,0.95,90,4.74,191,10.05,22,1682,1.177,1,1,1,50,2.63,58,0.725,3.05,16,0.84,78,215,0.363,11.32,7,9,3,0.447,4.11,2019
"198",198,"Tennessee Tech",18,19,0.95,62,3.26,176,9.26,32,1816,1.585,2,2,1,64,3.37,90,0.738,4.74,23,1.21,103,223,0.462,11.74,6,8,5,0.447,5.42,2019
"199",199,"Drake",18,19,0.95,87,4.58,215,11.32,19,1740,0.983,0,2,0,46,2.42,86,0.819,4.53,14,0.74,76,189,0.402,9.95,8,10,1,0.447,4,2019
"200",200,"Sam Houston St.",18,19,0.95,73,3.84,170,8.95,35,1672,1.884,2,2,1,68,3.58,85,0.708,4.47,25,1.32,119,236,0.504,12.42,7,11,1,0.395,6.26,2019
"201",201,"Sacred Heart",18,19,0.95,78,4.11,151,7.95,29,1765,1.478,0,1,0,64,3.37,114,0.797,6,23,1.21,109,257,0.424,13.53,9,8,2,0.526,5.74,2019
"202",202,"St. John's (NY)",17,18,0.94,57,3.17,172,9.56,33,1612,1.841,2,2,1,51,2.83,102,0.756,5.67,17,0.94,69,147,0.469,8.17,5,12,1,0.306,3.83,2019
"203",203,"Ga. Southern",17,18,0.94,70,3.89,170,9.44,30,1475,1.829,0,0,0,55,3.06,78,0.722,4.33,19,1.06,79,152,0.52,8.44,6,11,1,0.361,4.39,2019
"204",204,"Southeastern La.",17,18,0.94,62,3.44,182,10.11,32,1640,1.756,2,2,1,51,2.83,85,0.726,4.72,17,0.94,85,169,0.503,9.39,4,13,1,0.25,4.72,2019
"205",205,"A&M-Corpus Christi",18,20,0.9,60,3,134,6.7,25,1881,1.196,1,1,1,66,3.3,122,0.83,6.1,24,1.2,133,244,0.545,12.2,10,9,1,0.525,6.65,2019
"206",206,"Texas St.",17,19,0.89,108,5.68,167,8.79,10,1805,0.498,4,4,1,57,3,80,0.889,4.21,20,1.05,90,239,0.377,12.58,9,7,3,0.553,4.74,2019
"207",207,"Baylor",17,19,0.89,95,5,209,11,25,1796,1.252,2,2,1,71,3.74,59,0.702,3.11,27,1.42,155,318,0.487,16.74,8,8,3,0.5,8.16,2019
"208",208,"UC Riverside",16,18,0.89,53,2.94,185,10.28,32,1672,1.722,1,1,1,36,2,74,0.698,4.11,10,0.56,59,141,0.418,7.83,3,14,1,0.194,3.28,2019
"209",209,"Coastal Carolina",16,18,0.89,65,3.61,183,10.17,30,1670,1.616,1,2,0.5,58,3.22,63,0.677,3.5,21,1.17,96,246,0.39,13.67,7,9,2,0.444,5.33,2019
"210",210,"Illinois",16,18,0.89,82,4.56,194,10.78,32,1563,1.842,6,7,0.857,76,4.22,64,0.667,3.56,30,1.67,92,204,0.451,11.33,9,8,1,0.528,5.11,2019
"211",211,"East Carolina",16,18,0.89,63,3.5,153,8.5,25,1692,1.33,0,1,0,54,3,91,0.784,5.06,19,1.06,82,187,0.439,10.39,5,10,3,0.361,4.56,2019
"212",212,"American",16,18,0.89,56,3.11,138,7.67,26,1736,1.348,1,2,0.5,54,3,103,0.798,5.72,19,1.06,103,216,0.477,12,6,8,4,0.444,5.72,2019
"213",213,"Duquesne",15,17,0.88,63,3.71,145,8.53,28,1615,1.56,2,3,0.667,63,3.71,81,0.743,4.76,24,1.41,99,202,0.49,11.88,6,8,3,0.441,5.82,2019
"214",214,"Manhattan",15,17,0.88,50,2.94,130,7.65,28,1497,1.683,2,2,1,55,3.24,123,0.815,7.24,20,1.18,86,187,0.46,11,4,11,2,0.294,5.06,2019
"215",215,"Long Beach St.",15,17,0.88,64,3.76,182,10.71,26,1568,1.492,2,4,0.5,47,2.76,68,0.723,4,16,0.94,91,206,0.442,12.12,4,12,1,0.265,5.35,2019
"216",216,"Northwestern St.",19,22,0.86,81,3.68,221,10.05,28,2034,1.238,2,2,1,79,3.59,76,0.731,3.45,30,1.36,118,247,0.478,11.23,13,8,1,0.614,5.36,2019
"217",217,"Prairie View",18,21,0.86,68,3.24,127,6.05,34,1729,1.769,0,2,0,74,3.52,115,0.772,5.48,28,1.33,117,274,0.427,13.05,13,8,0,0.619,5.57,2019
"218",218,"Niagara",16,19,0.84,69,3.63,238,12.53,30,1750,1.543,0,0,0,58,3.05,101,0.771,5.32,21,1.11,116,273,0.425,14.37,9,8,2,0.526,6.11,2019
"219",219,"Davidson",16,19,0.84,70,3.68,187,9.84,20,1794,1.003,0,1,0,58,3.05,78,0.796,4.11,21,1.11,103,205,0.502,10.79,8,8,3,0.5,5.42,2019
"220",220,"Wyoming",16,19,0.84,82,4.32,174,9.16,30,1849,1.46,2,3,0.667,74,3.89,108,0.783,5.68,29,1.53,127,215,0.591,11.32,7,7,5,0.5,6.68,2019
"221",221,"New Mexico St.",15,18,0.83,66,3.67,193,10.72,36,1681,1.927,1,1,1,45,2.5,128,0.78,7.11,15,0.83,83,188,0.441,10.44,4,12,2,0.278,4.61,2019
"222",222,"Marquette",15,18,0.83,69,3.83,223,12.39,31,1606,1.736,1,1,1,55,3.06,102,0.767,5.67,20,1.11,88,184,0.478,10.22,6,11,1,0.361,4.89,2019
"223",223,"UMass Lowell",14,17,0.82,70,4.12,201,11.82,34,1524,2.007,4,5,0.8,52,3.06,71,0.676,4.18,19,1.12,104,213,0.488,12.53,4,11,2,0.294,6.12,2019
"224",224,"Portland",14,17,0.82,91,5.35,189,11.12,20,1552,1.159,3,5,0.6,54,3.18,69,0.775,4.06,20,1.18,69,185,0.373,10.88,6,6,5,0.5,4.06,2019
"225",225,"UConn",14,17,0.82,73,4.29,175,10.29,24,1597,1.352,1,1,1,50,2.94,90,0.789,5.29,18,1.06,90,236,0.381,13.88,6,8,3,0.441,5.29,2019
"226",226,"CSUN",18,22,0.82,92,4.18,240,10.91,19,1858,0.92,3,3,1,68,3.09,91,0.827,4.14,25,1.14,103,228,0.452,10.36,12,7,3,0.614,4.68,2019
"227",227,"Arkansas St.",16,20,0.8,106,5.3,161,8.05,20,1905,0.945,2,2,1,66,3.3,79,0.798,3.95,25,1.25,113,223,0.507,11.15,10,6,4,0.6,5.65,2019
"228",228,"Loyola Maryland",15,19,0.79,74,3.89,196,10.32,24,1860,1.161,2,3,0.667,51,2.68,77,0.762,4.05,18,0.95,76,180,0.422,9.47,7,7,5,0.5,4,2019
"229",229,"LMU (CA)",15,19,0.79,80,4.21,206,10.84,41,1693,2.178,3,5,0.6,57,3,81,0.664,4.26,21,1.11,87,211,0.412,11.11,4,12,3,0.289,4.58,2019
"230",230,"Kentucky",15,19,0.79,86,4.53,170,8.95,31,1796,1.553,3,4,0.75,69,3.63,66,0.68,3.47,27,1.42,90,208,0.433,10.95,6,10,3,0.395,4.74,2019
"231",231,"Indiana",15,19,0.79,80,4.21,145,7.63,15,1753,0.77,0,0,0,45,2.37,59,0.797,3.11,15,0.79,75,192,0.391,10.11,8,9,2,0.474,3.95,2019
"232",232,"Alabama A&M",15,19,0.79,72,3.79,93,4.89,38,1732,1.974,3,3,1,71,3.74,101,0.727,5.32,28,1.47,91,173,0.526,9.11,9,9,1,0.5,4.79,2019
"233",233,"DePaul",15,19,0.79,80,4.21,201,10.58,18,1771,0.914,1,1,1,59,3.11,54,0.75,2.84,22,1.16,106,235,0.451,12.37,8,8,3,0.5,5.58,2019
"234",234,"Southern Miss.",14,18,0.78,61,3.39,138,7.67,25,1651,1.362,2,2,1,70,3.89,87,0.777,4.83,28,1.56,117,229,0.511,12.72,7,10,1,0.417,6.5,2019
"235",235,"St. Bonaventure",14,18,0.78,67,3.72,157,8.72,22,1640,1.207,1,1,1,44,2.44,85,0.794,4.72,15,0.83,60,142,0.423,7.89,7,10,1,0.417,3.33,2019
"236",236,"Robert Morris",14,18,0.78,52,2.89,138,7.67,22,1681,1.178,2,2,1,58,3.22,126,0.851,7,22,1.22,102,220,0.464,12.22,6,10,2,0.389,5.67,2019
"237",237,"Eastern Ill.",14,18,0.78,39,2.17,118,6.56,26,1614,1.449,2,2,1,50,2.78,128,0.831,7.11,18,1,83,173,0.48,9.61,4,10,4,0.333,4.61,2019
"238",238,"Northwestern",14,18,0.78,86,4.78,176,9.78,27,1693,1.435,2,3,0.667,44,2.44,82,0.752,4.56,15,0.83,65,145,0.448,8.06,5,10,3,0.361,3.61,2019
"239",239,"NJIT",14,18,0.78,80,4.44,168,9.33,18,1597,1.014,0,0,0,54,3,104,0.852,5.78,20,1.11,88,188,0.468,10.44,7,8,3,0.472,4.89,2019
"240",240,"William & Mary",14,18,0.78,64,3.56,177,9.83,37,1695,1.965,0,0,0,52,2.89,80,0.684,4.44,19,1.06,91,217,0.419,12.06,5,11,2,0.333,5.06,2019
"241",241,"Presbyterian",14,18,0.78,60,3.33,176,9.78,39,1668,2.104,1,2,0.5,56,3.11,101,0.721,5.61,21,1.17,91,186,0.489,10.33,5,13,0,0.278,5.06,2019
"242",242,"Southeast Mo. St.",13,17,0.76,84,4.94,155,9.12,26,1566,1.494,3,3,1,69,4.06,94,0.783,5.53,28,1.65,128,247,0.518,14.53,11,5,1,0.676,7.53,2019
"243",243,"Holy Cross",13,17,0.76,81,4.76,139,8.18,16,1599,0.9,0,0,0,47,2.76,71,0.816,4.18,17,1,109,224,0.487,13.18,5,4,8,0.529,6.41,2019
"244",244,"Longwood",13,17,0.76,78,4.59,125,7.35,21,1608,1.175,0,1,0,53,3.12,93,0.816,5.47,20,1.18,109,250,0.436,14.71,6,9,2,0.412,6.41,2019
"245",245,"Northern Colo.",18,24,0.75,92,3.83,225,9.38,43,2192,1.765,1,2,0.5,72,3,96,0.691,4,27,1.13,115,234,0.491,9.75,9,11,4,0.458,4.79,2019
"246",246,"Purdue",15,20,0.75,61,3.05,223,11.15,18,1861,0.87,0,0,0,53,2.65,67,0.788,3.35,19,0.95,87,199,0.437,9.95,8,9,3,0.475,4.35,2019
"247",247,"Utah St.",14,19,0.74,87,4.58,165,8.68,18,1774,0.913,0,0,0,56,2.95,92,0.836,4.84,21,1.11,124,242,0.512,12.74,8,10,1,0.447,6.53,2019
"248",248,"Cal Poly",14,19,0.74,75,3.95,200,10.53,30,1777,1.519,5,5,1,56,2.95,94,0.758,4.95,21,1.11,107,215,0.498,11.32,6,10,3,0.395,5.63,2019
"249",249,"Idaho St.",14,19,0.74,68,3.58,150,7.89,41,1824,2.023,2,2,1,48,2.53,126,0.754,6.63,17,0.89,101,195,0.518,10.26,2,14,3,0.184,5.32,2019
"250",250,"Portland St.",14,19,0.74,47,2.47,192,10.11,39,1540,2.279,0,0,0,44,2.32,106,0.731,5.58,15,0.79,87,190,0.458,10,4,15,0,0.211,4.58,2019
"251",251,"Towson",13,18,0.72,51,2.83,172,9.56,41,1561,2.363,0,0,0,43,2.39,109,0.727,6.06,15,0.83,80,173,0.462,9.61,4,13,1,0.25,4.44,2019
"252",252,"San Diego",13,18,0.72,76,4.22,167,9.28,28,1572,1.603,0,0,0,59,3.28,98,0.778,5.44,23,1.28,89,171,0.52,9.5,8,9,1,0.472,4.94,2019
"253",253,"North Dakota St.",13,18,0.72,75,4.17,192,10.67,18,1680,0.964,1,2,0.5,55,3.06,113,0.863,6.28,21,1.17,104,233,0.446,12.94,8,7,3,0.528,5.78,2019
"254",254,"UC Davis",13,18,0.72,69,3.83,205,11.39,27,1620,1.5,4,4,1,57,3.17,86,0.761,4.78,22,1.22,105,238,0.441,13.22,7,11,0,0.389,5.83,2019
"255",255,"Lehigh",13,18,0.72,72,4,169,9.39,16,1747,0.824,0,1,0,35,1.94,92,0.852,5.11,11,0.61,109,279,0.391,15.5,5,8,5,0.417,6.06,2019
"256",256,"Jacksonville St.",13,18,0.72,57,3.17,123,6.83,43,1652,2.342,0,0,0,55,3.06,104,0.707,5.78,21,1.17,93,159,0.585,8.83,4,14,0,0.222,5.17,2019
"257",257,"Col. of Charleston",13,18,0.72,88,4.89,175,9.72,25,1585,1.42,0,0,0,47,2.61,68,0.731,3.78,17,0.94,107,246,0.435,13.67,8,10,0,0.444,5.94,2019
"258",258,"Nicholls St.",13,18,0.72,51,2.83,150,8.33,59,1640,3.238,1,2,0.5,53,2.94,132,0.691,7.33,20,1.11,87,196,0.444,10.89,3,14,1,0.194,4.83,2019
"259",259,"Utah",15,21,0.71,100,4.76,154,7.33,28,1902,1.325,1,2,0.5,51,2.43,107,0.793,5.1,18,0.86,113,252,0.448,12,8,9,4,0.476,5.38,2019
"260",260,"Ark.-Pine Bluff",12,17,0.71,26,1.53,69,4.06,45,1530,2.647,0,0,0,48,2.82,133,0.747,7.82,18,1.06,73,147,0.497,8.65,5,12,0,0.294,4.29,2019
"261",261,"Canisius",12,17,0.71,44,2.59,151,8.88,21,1603,1.178,0,0,0,40,2.35,88,0.807,5.18,14,0.82,96,174,0.552,10.24,7,8,2,0.471,5.65,2019
"262",262,"Central Mich.",12,17,0.71,78,4.59,209,12.29,19,1654,1.034,2,2,1,52,3.06,82,0.812,4.82,20,1.18,93,234,0.397,13.76,7,6,4,0.529,5.47,2019
"263",263,"UTRGV",14,20,0.7,89,4.45,127,6.35,25,1590,1.415,1,1,1,68,3.4,79,0.76,3.95,27,1.35,133,306,0.435,15.3,10,8,2,0.55,6.65,2019
"264",264,"Temple",13,19,0.68,66,3.47,222,11.68,24,1814,1.19,0,0,0,47,2.47,128,0.842,6.74,17,0.89,92,183,0.503,9.63,5,9,5,0.395,4.84,2019
"265",265,"Montana",13,19,0.68,81,4.26,219,11.53,15,1839,0.734,0,1,0,43,2.26,73,0.83,3.84,15,0.79,103,195,0.528,10.26,7,6,6,0.526,5.42,2019
"266",266,"UIW",13,19,0.68,108,5.68,241,12.68,27,1769,1.373,6,6,1,67,3.53,95,0.779,5,27,1.42,132,283,0.466,14.89,8,11,0,0.421,6.95,2019
"267",267,"Houston Baptist",12,18,0.67,50,2.78,146,8.11,35,1631,1.931,2,3,0.667,48,2.67,96,0.733,5.33,18,1,80,183,0.437,10.17,3,15,0,0.167,4.44,2019
"268",268,"Miami (OH)",12,18,0.67,73,4.06,196,10.89,30,1605,1.682,0,0,0,38,2.11,131,0.814,7.28,13,0.72,83,189,0.439,10.5,4,13,1,0.25,4.61,2019
"269",269,"Youngstown St.",12,18,0.67,41,2.28,168,9.33,39,1655,2.12,1,1,1,36,2,117,0.75,6.5,12,0.67,63,143,0.441,7.94,4,13,1,0.25,3.5,2019
"270",270,"Austin Peay",12,18,0.67,59,3.28,193,10.72,26,1734,1.349,0,0,0,46,2.56,92,0.78,5.11,17,0.94,93,201,0.463,11.17,4,10,4,0.333,5.17,2019
"271",271,"Kansas St.",12,18,0.67,95,5.28,187,10.39,37,1576,2.113,2,2,1,42,2.33,95,0.72,5.28,15,0.83,106,276,0.384,15.33,3,13,2,0.222,5.89,2019
"272",272,"Colgate",12,18,0.67,74,4.11,140,7.78,22,1653,1.197,0,2,0,38,2.11,77,0.778,4.28,13,0.72,100,251,0.398,13.94,5,9,4,0.389,5.56,2019
"273",273,"Bucknell",12,18,0.67,101,5.61,202,11.22,25,1691,1.33,1,2,0.5,40,2.22,99,0.798,5.5,14,0.78,77,195,0.395,10.83,5,11,2,0.333,4.28,2019
"274",274,"LIU",12,18,0.67,61,3.39,195,10.83,33,1640,1.811,0,0,0,44,2.44,105,0.761,5.83,16,0.89,72,150,0.48,8.33,5,12,1,0.306,4,2019
"275",275,"Akron",13,20,0.65,71,3.55,197,9.85,22,1895,1.045,3,3,1,57,2.85,74,0.771,3.7,22,1.1,91,207,0.44,10.35,8,10,2,0.45,4.55,2019
"276",276,"Stetson",11,17,0.65,62,3.65,175,10.29,43,1480,2.615,2,2,1,43,2.53,95,0.688,5.59,16,0.94,86,202,0.426,11.88,2,13,2,0.176,5.06,2019
"277",277,"Drexel",12,19,0.63,75,3.95,194,10.21,29,1788,1.46,0,1,0,38,2,87,0.75,4.58,13,0.68,80,193,0.415,10.16,5,11,3,0.342,4.21,2019
"278",278,"South Carolina St.",8,13,0.62,32,2.46,94,7.23,38,1094,3.124,0,0,0,40,3.08,62,0.62,4.77,16,1.23,65,113,0.575,8.69,2,11,0,0.154,5,2019
"279",279,"LSU",11,18,0.61,47,2.61,147,8.17,40,1600,2.249,2,3,0.667,33,1.83,126,0.759,7,11,0.61,59,124,0.476,6.89,3,12,3,0.25,3.28,2019
"280",280,"Omaha",11,18,0.61,45,2.5,146,8.11,25,1681,1.338,1,1,1,39,2.17,62,0.713,3.44,14,0.78,74,149,0.497,8.28,5,11,2,0.333,4.11,2019
"281",281,"Alabama St.",12,20,0.6,65,3.25,155,7.75,55,1831,2.702,2,3,0.667,62,3.1,100,0.645,5,25,1.25,128,229,0.559,11.45,5,15,0,0.25,6.4,2019
"282",282,"Cleveland St.",10,17,0.59,79,4.65,164,9.65,24,1539,1.403,1,3,0.333,44,2.59,85,0.78,5,17,1,82,178,0.461,10.47,6,8,3,0.441,4.82,2019
"283",283,"Little Rock",11,19,0.58,50,2.63,124,6.53,26,1829,1.279,0,1,0,47,2.47,81,0.757,4.26,18,0.95,78,168,0.464,8.84,5,8,6,0.421,4.11,2019
"284",284,"Grand Canyon",11,19,0.58,56,2.95,232,12.21,32,1735,1.66,1,2,0.5,39,2.05,96,0.75,5.05,14,0.74,93,243,0.383,12.79,4,14,1,0.237,4.89,2019
"285",285,"Indiana St.",9,16,0.56,48,3,170,10.63,27,1397,1.738,0,0,0,37,2.31,81,0.75,5.06,14,0.88,100,207,0.483,12.94,3,11,2,0.25,6.25,2019
"286",286,"Vermont",9,16,0.56,54,3.38,168,10.5,24,1508,1.432,0,1,0,35,2.19,91,0.791,5.69,13,0.81,92,198,0.465,12.38,3,10,3,0.281,5.75,2019
"287",287,"Iowa St.",10,18,0.56,67,3.72,147,8.17,31,1641,1.7,0,0,0,32,1.78,90,0.744,5,11,0.61,56,187,0.299,10.39,3,15,0,0.167,3.11,2019
"288",288,"Fordham",11,20,0.55,59,2.95,221,11.05,35,1905,1.653,3,3,1,39,1.95,99,0.739,4.95,14,0.7,82,197,0.416,9.85,5,11,4,0.35,4.1,2019
"289",289,"Providence",11,20,0.55,54,2.7,175,8.75,23,1901,1.088,3,4,0.75,47,2.35,111,0.828,5.55,18,0.9,85,223,0.381,11.15,9,9,2,0.5,4.25,2019
"290",290,"UNLV",11,20,0.55,92,4.6,141,7.05,41,1752,2.105,4,4,1,51,2.55,111,0.73,5.55,20,1,122,290,0.421,14.5,6,13,1,0.325,6.1,2019
"291",291,"UMBC",9,17,0.53,57,3.35,161,9.47,32,1592,1.808,1,1,1,33,1.94,106,0.768,6.24,12,0.71,79,187,0.422,11,2,13,2,0.176,4.65,2019
"292",292,"Southern U.",9,17,0.53,40,2.35,141,8.29,43,1550,2.497,0,1,0,45,2.65,97,0.693,5.71,18,1.06,64,160,0.4,9.41,4,12,1,0.265,3.76,2019
"293",293,"Southern Ill.",9,17,0.53,66,3.88,139,8.18,39,1572,2.233,0,1,0,33,1.94,116,0.748,6.82,12,0.71,75,160,0.469,9.41,5,10,2,0.353,4.41,2019
"294",294,"Boston U.",10,19,0.53,68,3.58,141,7.42,25,1793,1.255,0,2,0,36,1.89,106,0.809,5.58,13,0.68,82,219,0.374,11.53,5,12,2,0.316,4.32,2019
"295",295,"Saint Joseph's",10,19,0.53,100,5.26,198,10.42,24,1770,1.22,3,3,1,42,2.21,89,0.788,4.68,16,0.84,88,184,0.478,9.68,7,10,2,0.421,4.63,2019
"296",296,"UAB",9,18,0.5,83,4.61,165,9.17,20,1739,1.035,3,3,1,47,2.61,85,0.81,4.72,19,1.06,99,198,0.5,11,5,7,6,0.444,5.5,2019
"297",297,"Pacific",9,19,0.47,69,3.63,185,9.74,43,1584,2.442,0,0,0,35,1.84,96,0.691,5.05,13,0.68,85,199,0.427,10.47,3,16,0,0.158,4.47,2019
"298",298,"Minnesota",9,19,0.47,88,4.63,140,7.37,26,1833,1.276,0,1,0,31,1.63,74,0.74,3.89,11,0.58,87,222,0.392,11.68,3,12,4,0.263,4.58,2019
"299",299,"Idaho",9,19,0.47,79,4.16,201,10.58,27,1798,1.351,0,0,0,41,2.16,71,0.724,3.74,16,0.84,86,188,0.457,9.89,5,12,2,0.316,4.53,2019
"300",300,"FIU",8,17,0.47,40,2.35,116,6.82,52,1530,3.059,1,2,0.5,34,2,74,0.587,4.35,13,0.76,71,141,0.504,8.29,2,15,0,0.118,4.18,2019
"301",301,"Mount St. Mary's",8,17,0.47,39,2.29,121,7.12,34,1564,1.956,0,0,0,24,1.41,133,0.796,7.82,8,0.47,68,160,0.425,9.41,3,13,1,0.206,4,2019
"302",302,"Mississippi Val.",7,15,0.47,25,1.67,95,6.33,54,1386,3.505,2,3,0.667,35,2.33,160,0.748,10.67,14,0.93,71,134,0.53,8.93,1,13,1,0.1,4.73,2019
"303",303,"San Jose St.",9,20,0.45,95,4.75,251,12.55,23,1693,1.222,1,1,1,39,1.95,93,0.802,4.65,15,0.75,92,200,0.46,10,7,9,4,0.45,4.6,2019
"304",304,"Rhode Island",8,18,0.44,67,3.72,182,10.11,21,1711,1.104,0,0,0,30,1.67,82,0.796,4.56,11,0.61,71,159,0.447,8.83,4,9,5,0.361,3.94,2019
"305",305,"UNC Asheville",8,18,0.44,50,2.78,127,7.06,38,1565,2.185,0,1,0,32,1.78,108,0.74,6,12,0.67,86,184,0.467,10.22,5,13,0,0.278,4.78,2019
"306",306,"Delaware St.",8,18,0.44,46,2.56,125,6.94,59,1627,3.263,3,3,1,34,1.89,112,0.655,6.22,13,0.72,51,89,0.573,4.94,1,17,0,0.056,2.83,2019
"307",307,"Wagner",8,18,0.44,77,4.28,213,11.83,30,1611,1.675,2,2,1,48,2.67,107,0.781,5.94,20,1.11,103,202,0.51,11.22,5,10,3,0.361,5.72,2019
"308",308,"Western Ill.",8,18,0.44,39,2.17,131,7.28,23,1479,1.399,1,1,1,34,1.89,90,0.796,5,13,0.72,81,210,0.386,11.67,6,11,1,0.361,4.5,2019
"309",309,"USC Upstate",7,16,0.44,67,4.19,103,6.44,36,1508,2.147,0,0,0,35,2.19,118,0.766,7.38,14,0.88,57,158,0.361,9.88,2,11,3,0.219,3.56,2019
"310",310,"Texas Southern",7,17,0.41,39,2.29,110,6.47,44,1549,2.555,0,1,0,41,2.41,88,0.667,5.18,17,1,98,199,0.492,11.71,6,10,1,0.382,5.76,2019
"311",311,"Georgia St.",8,20,0.4,64,3.2,147,7.35,29,1802,1.448,1,2,0.5,46,2.3,70,0.707,3.5,19,0.95,81,195,0.415,9.75,9,9,2,0.5,4.05,2019
"312",312,"Cornell",6,15,0.4,48,3.2,132,8.8,25,1370,1.642,1,1,1,26,1.73,68,0.731,4.53,10,0.67,60,129,0.465,8.6,4,10,1,0.3,4,2019
"313",313,"Valparaiso",7,18,0.39,61,3.39,193,10.72,31,1569,1.778,0,0,0,27,1.5,69,0.69,3.83,10,0.56,64,154,0.416,8.56,2,15,1,0.139,3.56,2019
"314",314,"La.-Monroe",7,18,0.39,37,2.06,164,9.11,46,1660,2.494,0,0,0,35,1.94,109,0.703,6.06,14,0.78,72,153,0.471,8.5,3,13,2,0.222,4,2019
"315",315,"Syracuse",6,16,0.38,53,3.31,178,11.13,27,1491,1.63,2,2,1,30,1.88,85,0.759,5.31,12,0.75,62,148,0.419,9.25,3,11,2,0.25,3.88,2019
"316",316,"Wofford",7,19,0.37,50,2.63,175,9.21,32,1704,1.69,3,4,0.75,41,2.16,109,0.773,5.74,17,0.89,73,156,0.468,8.21,7,12,0,0.368,3.84,2019
"317",317,"Hampton",6,17,0.35,51,3,211,12.41,50,1451,3.1,0,0,0,18,1.06,83,0.624,4.88,6,0.35,65,129,0.504,7.59,1,15,1,0.088,3.82,2019
"318",318,"Southern Utah",6,18,0.33,37,2.06,155,8.61,42,1586,2.382,0,1,0,24,1.33,137,0.765,7.61,9,0.5,41,93,0.441,5.17,1,15,2,0.111,2.28,2019
"319",319,"Purdue Fort Wayne",6,18,0.33,71,3.94,210,11.67,27,1519,1.6,0,1,0,26,1.44,106,0.797,5.89,10,0.56,107,233,0.459,12.94,4,10,4,0.333,5.94,2019
"320",320,"Eastern Ky.",6,18,0.33,72,4,214,11.89,27,1616,1.503,2,2,1,30,1.67,81,0.75,4.5,12,0.67,82,225,0.364,12.5,4,12,2,0.278,4.56,2019
"321",321,"Nebraska",6,18,0.33,96,5.33,162,9,24,1700,1.271,1,1,1,30,1.67,65,0.73,3.61,12,0.67,70,187,0.374,10.39,4,10,4,0.333,3.89,2019
"322",322,"Seton Hall",5,16,0.31,50,3.13,148,9.25,37,1485,2.242,0,0,0,23,1.44,69,0.651,4.31,9,0.56,53,140,0.379,8.75,2,13,1,0.156,3.31,2019
"323",323,"Alcorn",5,16,0.31,8,0.5,96,6,90,1440,5.625,1,1,1,29,1.81,166,0.648,10.38,12,0.75,39,65,0.6,4.06,1,15,0,0.063,2.44,2019
"324",324,"Jacksonville",5,16,0.31,39,2.44,144,9,32,1513,1.903,0,0,0,15,0.94,124,0.795,7.75,5,0.31,52,100,0.52,6.25,0,13,3,0.094,3.25,2019
"325",325,"Detroit Mercy",5,17,0.29,63,3.71,228,13.41,32,1568,1.836,1,2,0.5,21,1.24,87,0.731,5.12,8,0.47,63,148,0.426,8.71,2,13,2,0.176,3.71,2019
"326",326,"Northern Ill.",5,18,0.28,46,2.56,169,9.39,44,1580,2.506,1,1,1,29,1.61,128,0.744,7.11,12,0.67,54,114,0.474,6.33,2,14,2,0.167,3,2019
"327",327,"Morehead St.",5,18,0.28,76,4.22,204,11.33,39,1592,2.204,1,1,1,31,1.72,103,0.725,5.72,13,0.72,89,168,0.53,9.33,4,12,2,0.278,4.94,2019
"328",328,"Nevada",5,18,0.28,57,3.17,151,8.39,30,1672,1.614,2,2,1,27,1.5,123,0.804,6.83,11,0.61,80,193,0.415,10.72,4,14,0,0.222,4.44,2019
"329",329,"Evansville",4,17,0.24,42,2.47,123,7.24,29,1588,1.643,0,1,0,22,1.29,103,0.78,6.06,9,0.53,67,137,0.489,8.06,2,12,3,0.206,3.94,2019
"330",330,"Jackson St.",4,18,0.22,23,1.28,136,7.56,43,1537,2.518,0,0,0,36,2,87,0.669,4.83,16,0.89,83,135,0.615,7.5,6,12,0,0.333,4.61,2019
"331",331,"Saint Peter's",3,17,0.18,36,2.12,161,9.47,36,1505,2.153,0,0,0,21,1.24,126,0.778,7.41,9,0.53,51,111,0.459,6.53,3,13,1,0.206,3,2019
"332",332,"St. Francis Brooklyn",3,17,0.18,34,2,168,9.88,39,1537,2.283,0,0,0,11,0.65,105,0.729,6.18,4,0.24,56,132,0.424,7.76,0,17,0,0,3.29,2019
"333",333,"Weber St.",2,17,0.12,49,2.88,163,9.59,25,1665,1.351,1,1,1,14,0.82,81,0.764,4.76,6,0.35,96,166,0.578,9.76,2,10,5,0.265,5.65,2019
"334",334,"Chicago St.",2,19,0.11,30,1.58,190,10,73,1717,3.824,0,1,0,14,0.74,166,0.695,8.74,6,0.32,69,133,0.519,7,0,19,0,0,3.63,2019
"335",335,"VMI",2,19,0.11,63,3.32,185,9.74,32,1660,1.735,0,0,0,14,0.74,100,0.758,5.26,6,0.32,91,211,0.431,11.11,1,16,2,0.105,4.79,2019
"336",1,"UCLA",62,22,2.82,NA,NA,186,8.45,17,2034,0.752,4,5,0.8,184,8.36,60,0.779,2.73,61,2.77,206,380,0.542,17.27,17,3,2,0.818,9.36,2018
"337",2,"FGCU",52,19,2.74,NA,NA,161,8.47,11,1750,0.566,2,3,0.667,144,7.58,67,0.859,3.53,46,2.42,151,322,0.469,16.95,13,4,2,0.737,7.95,2018
"338",3,"North Carolina",72,27,2.67,NA,NA,232,8.59,15,2489,0.542,2,5,0.4,186,6.89,54,0.783,2,57,2.11,211,478,0.441,17.7,21,4,2,0.815,7.81,2018
"339",4,"Colorado",52,20,2.6,NA,NA,184,9.2,19,1873,0.913,2,3,0.667,146,7.3,108,0.85,5.4,47,2.35,153,344,0.445,17.2,13,4,3,0.725,7.65,2018
"340",5,"Southern California",57,22,2.59,NA,NA,253,11.5,11,2065,0.479,4,7,0.571,171,7.77,72,0.867,3.27,57,2.59,196,429,0.457,19.5,17,2,3,0.841,8.91,2018
"341",6,"Massachusetts",46,18,2.56,NA,NA,194,10.78,14,1654,0.762,1,1,1,120,6.67,54,0.794,3,37,2.06,148,302,0.49,16.78,11,6,1,0.639,8.22,2018
"342",7,"South Fla.",47,19,2.47,NA,NA,250,13.16,18,1735,0.934,2,2,1,155,8.16,59,0.766,3.11,54,2.84,152,317,0.479,16.68,15,4,0,0.789,8,2018
"343",8,"Milwaukee",46,19,2.42,NA,NA,180,9.47,14,1743,0.723,1,2,0.5,124,6.53,60,0.811,3.16,39,2.05,155,316,0.491,16.63,16,2,1,0.868,8.16,2018
"344",9,"Stanford",57,24,2.38,NA,NA,207,8.63,12,2221,0.486,6,8,0.75,179,7.46,65,0.844,2.71,61,2.54,219,535,0.409,22.29,21,1,2,0.917,9.13,2018
"345",10,"Auburn",46,20,2.3,NA,NA,196,9.8,23,1840,1.125,5,5,1,130,6.5,75,0.765,3.75,42,2.1,151,338,0.447,16.9,12,6,2,0.65,7.55,2018
"346",11,"Kansas City",48,21,2.29,NA,NA,197,9.38,19,1892,0.904,0,0,0,150,7.14,76,0.8,3.62,51,2.43,193,401,0.481,19.1,16,5,0,0.762,9.19,2018
"347",12,"UNC Greensboro",48,21,2.29,NA,NA,164,7.81,21,1910,0.99,2,3,0.667,148,7.05,91,0.813,4.33,50,2.38,176,340,0.518,16.19,15,5,1,0.738,8.38,2018
"348",13,"Virginia",49,22,2.23,NA,NA,152,6.91,16,2014,0.715,3,3,1,153,6.95,41,0.719,1.86,52,2.36,156,372,0.419,16.91,16,5,1,0.75,7.09,2018
"349",14,"VCU",44,20,2.2,NA,NA,162,8.1,23,1830,1.131,2,3,0.667,134,6.7,72,0.758,3.6,45,2.25,135,313,0.431,15.65,16,4,0,0.8,6.75,2018
"350",15,"Tennessee",48,22,2.18,NA,NA,184,8.36,15,2063,0.654,3,6,0.5,136,6.18,93,0.861,4.23,44,2,165,407,0.405,18.5,16,3,3,0.795,7.5,2018
"351",16,"Indiana",39,18,2.17,NA,NA,187,10.39,30,1709,1.579,0,1,0,105,5.83,99,0.767,5.5,33,1.83,114,252,0.452,14,8,8,2,0.5,6.33,2018
"352",17,"BYU",41,19,2.16,NA,NA,177,9.32,21,1744,1.084,1,3,0.333,139,7.32,64,0.753,3.37,49,2.58,176,410,0.429,21.58,13,5,1,0.711,9.26,2018
"353",18,"Monmouth",45,21,2.14,NA,NA,185,8.81,10,1932,0.466,2,2,1,143,6.81,68,0.872,3.24,49,2.33,174,351,0.496,16.71,16,4,1,0.786,8.29,2018
"354",19,"Buffalo",40,19,2.11,NA,NA,176,9.26,28,1745,1.443,1,1,1,110,5.79,95,0.772,5,35,1.84,134,256,0.523,13.47,11,8,0,0.579,7.05,2018
"355",20,"North Dakota",35,17,2.06,NA,NA,170,10,10,1587,0.567,1,2,0.5,117,6.88,85,0.895,5,41,2.41,136,259,0.525,15.24,9,6,2,0.588,8,2018
"356",21,"Western Ky.",35,17,2.06,NA,NA,134,7.88,28,1620,1.555,1,1,1,99,5.82,60,0.682,3.53,32,1.88,113,256,0.441,15.06,5,8,4,0.412,6.65,2018
"357",22,"Denver",43,21,2.05,NA,NA,169,8.05,17,1975,0.775,2,2,1,119,5.67,77,0.819,3.67,38,1.81,156,318,0.491,15.14,13,6,2,0.667,7.43,2018
"358",23,"NC State",45,22,2.05,NA,NA,117,5.32,27,2082,1.167,1,2,0.5,113,5.14,107,0.799,4.86,34,1.55,102,232,0.44,10.55,11,7,4,0.591,4.64,2018
"359",24,"Duke",44,22,2,NA,NA,170,7.73,18,2020,0.802,3,3,1,126,5.73,68,0.791,3.09,41,1.86,147,297,0.495,13.5,16,4,2,0.773,6.68,2018
"360",25,"Texas",42,21,2,NA,NA,166,7.9,16,1953,0.737,3,4,0.75,120,5.71,77,0.828,3.67,39,1.86,122,307,0.397,14.62,13,5,3,0.69,5.81,2018
"361",26,"Arkansas",45,23,1.96,NA,NA,274,11.91,25,2198,1.024,3,4,0.75,131,5.7,91,0.784,3.96,43,1.87,158,391,0.404,17,14,5,4,0.696,6.87,2018
"362",27,"Central Ark.",41,21,1.95,NA,NA,156,7.43,17,1910,0.801,5,7,0.714,151,7.19,84,0.832,4,55,2.62,161,335,0.481,15.95,16,4,1,0.786,7.67,2018
"363",28,"Memphis",41,21,1.95,NA,NA,229,10.9,16,1900,0.758,2,2,1,141,6.71,52,0.765,2.48,50,2.38,187,400,0.468,19.05,17,4,0,0.81,8.9,2018
"364",29,"Hartford",35,18,1.94,NA,NA,123,6.83,16,1570,0.917,3,3,1,117,6.5,49,0.754,2.72,41,2.28,133,244,0.545,13.56,13,3,2,0.778,7.39,2018
"365",30,"Northern Ky.",33,17,1.94,NA,NA,147,8.65,16,1578,0.912,2,2,1,79,4.65,67,0.807,3.94,23,1.35,84,200,0.42,11.76,10,6,1,0.618,4.94,2018
"366",31,"Radford",38,20,1.9,NA,NA,174,8.7,22,1745,1.135,2,2,1,126,6.3,96,0.814,4.8,44,2.2,177,374,0.473,18.7,16,3,1,0.825,8.85,2018
"367",32,"UNCW",30,16,1.88,NA,NA,133,8.31,22,1475,1.342,2,2,1,94,5.88,62,0.738,3.88,32,2,87,179,0.486,11.19,9,6,1,0.594,5.44,2018
"368",33,"Georgetown",46,25,1.84,NA,NA,199,7.96,10,2345,0.384,3,5,0.6,152,6.08,93,0.903,3.72,53,2.12,199,410,0.485,16.4,21,1,3,0.9,7.96,2018
"369",34,"Brown",31,17,1.82,NA,NA,183,10.76,20,1557,1.156,2,3,0.667,89,5.24,65,0.765,3.82,29,1.71,107,269,0.398,15.82,8,8,1,0.5,6.29,2018
"370",35,"Boston College",36,20,1.8,NA,NA,193,9.65,16,1827,0.788,4,5,0.8,124,6.2,53,0.768,2.65,44,2.2,130,319,0.408,15.95,14,5,1,0.725,6.5,2018
"371",36,"Florida St.",48,27,1.78,NA,NA,260,9.63,13,2496,0.469,3,4,0.75,152,5.63,50,0.794,1.85,52,1.93,207,456,0.454,16.89,20,4,3,0.796,7.67,2018
"372",37,"Santa Clara",39,22,1.77,NA,NA,224,10.18,23,2031,1.019,4,8,0.5,143,6.5,85,0.787,3.86,52,2.36,185,393,0.471,17.86,17,3,2,0.818,8.41,2018
"373",38,"Arizona",37,21,1.76,NA,NA,166,7.9,19,1965,0.87,1,1,1,115,5.48,73,0.793,3.48,39,1.86,136,363,0.375,17.29,13,6,2,0.667,6.48,2018
"374",39,"Penn",28,16,1.75,NA,NA,157,9.81,5,1479,0.304,1,1,1,88,5.5,61,0.924,3.81,30,1.88,102,249,0.41,15.56,13,2,1,0.844,6.38,2018
"375",40,"Washington St.",35,20,1.75,NA,NA,232,11.6,23,1740,1.19,1,1,1,117,5.85,67,0.744,3.35,41,2.05,146,347,0.421,17.35,13,6,1,0.675,7.3,2018
"376",41,"Saint Louis",40,23,1.74,NA,NA,215,9.35,14,2103,0.599,2,5,0.4,144,6.26,49,0.778,2.13,52,2.26,222,444,0.5,19.3,18,4,1,0.804,9.65,2018
"377",42,"Old Dominion",33,19,1.74,NA,NA,167,8.79,19,1814,0.942,0,0,0,97,5.11,58,0.753,3.05,32,1.68,128,314,0.408,16.53,8,7,4,0.526,6.74,2018
"378",43,"Middle Tenn.",31,18,1.72,NA,NA,194,10.78,21,1677,1.126,5,7,0.714,103,5.72,73,0.777,4.06,36,2,132,270,0.489,15,10,7,1,0.583,7.33,2018
"379",44,"Clemson",36,21,1.71,NA,NA,172,8.19,19,1908,0.896,1,4,0.25,102,4.86,63,0.768,3,33,1.57,122,270,0.452,12.86,12,9,0,0.571,5.81,2018
"380",45,"Louisiana Tech",36,21,1.71,NA,NA,172,8.19,26,1979,1.182,0,0,0,116,5.52,82,0.759,3.9,40,1.9,133,280,0.475,13.33,13,5,3,0.69,6.33,2018
"381",46,"UNLV",34,20,1.7,NA,NA,163,8.15,20,1779,1.012,5,6,0.833,106,5.3,101,0.835,5.05,36,1.8,137,295,0.464,14.75,11,6,3,0.625,6.85,2018
"382",47,"George Mason",34,20,1.7,NA,NA,165,8.25,28,1810,1.392,3,3,1,106,5.3,75,0.728,3.75,36,1.8,123,226,0.544,11.3,14,6,0,0.7,6.15,2018
"383",48,"Albany (NY)",39,23,1.7,NA,NA,194,8.43,32,2110,1.365,5,6,0.833,137,5.96,78,0.709,3.39,49,2.13,174,329,0.529,14.3,14,7,2,0.652,7.57,2018
"384",49,"Columbia",27,16,1.69,NA,NA,113,7.06,18,1470,1.102,0,0,0,71,4.44,50,0.735,3.13,22,1.38,102,228,0.447,14.25,8,7,1,0.531,6.38,2018
"385",50,"Alabama",32,19,1.68,NA,NA,202,10.63,26,1770,1.322,0,0,0,106,5.58,90,0.776,4.74,37,1.95,139,304,0.457,16,8,8,3,0.5,7.32,2018
"386",51,"Ole Miss",37,22,1.68,NA,NA,169,7.68,32,2018,1.427,2,3,0.667,125,5.68,86,0.729,3.91,44,2,138,312,0.442,14.18,13,8,1,0.614,6.27,2018
"387",52,"Bowling Green",37,22,1.68,NA,NA,242,11,17,2061,0.742,3,3,1,123,5.59,86,0.835,3.91,43,1.95,176,370,0.476,16.82,14,5,3,0.705,8,2018
"388",53,"Penn St.",41,25,1.64,NA,NA,163,6.52,13,2279,0.513,5,5,1,129,5.16,72,0.847,2.88,44,1.76,184,392,0.469,15.68,18,6,1,0.74,7.36,2018
"389",54,"Lipscomb",36,22,1.64,NA,NA,158,7.18,19,2071,0.826,0,0,0,124,5.64,109,0.852,4.95,44,2,158,302,0.523,13.73,15,5,2,0.727,7.18,2018
"390",55,"Louisville",31,19,1.63,NA,NA,170,8.95,20,1721,1.046,1,2,0.5,105,5.53,41,0.672,2.16,37,1.95,124,236,0.525,12.42,12,7,0,0.632,6.53,2018
"391",56,"North Dakota St.",26,16,1.63,NA,NA,164,10.25,21,1476,1.281,0,2,0,70,4.38,75,0.781,4.69,22,1.38,112,236,0.475,14.75,9,7,0,0.563,7,2018
"392",57,"Gardner-Webb",34,21,1.62,NA,NA,176,8.38,23,1962,1.055,4,5,0.8,112,5.33,91,0.798,4.33,39,1.86,166,323,0.514,15.38,12,5,4,0.667,7.9,2018
"393",58,"Texas A&M",37,23,1.61,NA,NA,192,8.35,20,2118,0.85,3,4,0.75,135,5.87,76,0.792,3.3,49,2.13,181,442,0.41,19.22,17,5,1,0.761,7.87,2018
"394",59,"Hofstra",37,23,1.61,NA,NA,206,8.96,27,2139,1.136,2,2,1,115,5,93,0.775,4.04,39,1.7,165,347,0.476,15.09,16,6,1,0.717,7.17,2018
"395",60,"Lamar University",32,20,1.6,NA,NA,151,7.55,26,1863,1.256,4,7,0.571,114,5.7,123,0.826,6.15,41,2.05,154,315,0.489,15.75,12,6,2,0.65,7.7,2018
"396",61,"Wake Forest",32,20,1.6,NA,NA,189,9.45,26,1867,1.253,1,1,1,94,4.7,82,0.759,4.1,31,1.55,108,242,0.446,12.1,9,9,2,0.5,5.4,2018
"397",62,"Central Conn. St.",32,20,1.6,NA,NA,180,9,13,1840,0.636,2,2,1,106,5.3,78,0.857,3.9,37,1.85,182,323,0.563,16.15,16,2,2,0.85,9.1,2018
"398",63,"La Salle",27,17,1.59,NA,NA,180,10.59,22,1586,1.248,2,4,0.5,83,4.88,82,0.788,4.82,28,1.65,93,188,0.495,11.06,8,8,1,0.5,5.47,2018
"399",64,"The Citadel",30,19,1.58,NA,NA,250,13.16,39,1725,2.034,4,5,0.8,98,5.16,91,0.7,4.79,34,1.79,168,334,0.503,17.58,9,10,0,0.474,8.84,2018
"400",65,"Mercer",30,19,1.58,NA,NA,212,11.16,19,1834,0.932,2,2,1,110,5.79,75,0.798,3.95,40,2.11,153,346,0.442,18.21,8,7,4,0.526,8.05,2018
"401",66,"UT Martin",30,19,1.58,NA,NA,182,9.58,17,1730,0.884,3,4,0.75,128,6.74,42,0.712,2.21,49,2.58,196,401,0.489,21.11,15,3,1,0.816,10.32,2018
"402",67,"Vanderbilt",33,21,1.57,NA,NA,201,9.57,14,1910,0.66,5,5,1,125,5.95,59,0.808,2.81,46,2.19,134,265,0.506,12.62,16,4,1,0.786,6.38,2018
"403",68,"New Mexico",33,21,1.57,NA,NA,269,12.81,27,1961,1.239,2,3,0.667,123,5.86,88,0.765,4.19,45,2.14,152,353,0.431,16.81,13,6,2,0.667,7.24,2018
"404",69,"Mississippi St.",28,18,1.56,NA,NA,203,11.28,17,1682,0.909,2,3,0.667,92,5.11,58,0.773,3.22,32,1.78,137,332,0.413,18.44,9,7,2,0.556,7.61,2018
"405",70,"SMU",28,18,1.56,NA,NA,167,9.28,23,1670,1.24,5,6,0.833,100,5.56,86,0.789,4.78,36,2,115,270,0.426,15,10,6,2,0.611,6.39,2018
"406",71,"South Dakota",28,18,1.56,NA,NA,193,10.72,19,1679,1.018,2,2,1,88,4.89,96,0.835,5.33,30,1.67,97,187,0.519,10.39,9,7,2,0.556,5.39,2018
"407",72,"San Francisco",31,20,1.55,NA,NA,190,9.5,32,1862,1.547,2,4,0.5,101,5.05,72,0.692,3.6,35,1.75,132,290,0.455,14.5,11,7,2,0.6,6.6,2018
"408",73,"Texas St.",31,20,1.55,NA,NA,140,7,14,1910,0.66,2,3,0.667,87,4.35,109,0.886,5.45,28,1.4,118,273,0.432,13.65,11,5,4,0.65,5.9,2018
"409",74,"Furman",29,19,1.53,NA,NA,182,9.58,15,1710,0.789,1,1,1,93,4.89,73,0.83,3.84,32,1.68,141,307,0.459,16.16,12,7,0,0.632,7.42,2018
"410",75,"Western Mich.",32,21,1.52,NA,NA,219,10.43,27,1916,1.268,3,3,1,106,5.05,93,0.775,4.43,37,1.76,156,336,0.464,16,14,7,0,0.667,7.43,2018
"411",76,"Long Beach St.",32,21,1.52,NA,NA,201,9.57,26,1962,1.193,1,2,0.5,98,4.67,96,0.787,4.57,33,1.57,135,288,0.469,13.71,12,6,3,0.643,6.43,2018
"412",77,"North Texas",32,21,1.52,NA,NA,252,12,13,2005,0.583,1,3,0.333,112,5.33,88,0.871,4.19,40,1.9,149,356,0.419,16.95,15,3,3,0.786,7.1,2018
"413",78,"Minnesota",35,23,1.52,NA,NA,171,7.43,26,2161,1.083,1,1,1,97,4.22,80,0.755,3.48,31,1.35,105,246,0.427,10.7,12,9,2,0.565,4.57,2018
"414",79,"West Virginia",35,23,1.52,NA,NA,230,10,13,2162,0.541,7,7,1,127,5.52,36,0.735,1.57,46,2,200,508,0.394,22.09,15,4,4,0.739,8.7,2018
"415",80,"Quinnipiac",27,18,1.5,NA,NA,214,11.89,25,1722,1.306,2,2,1,79,4.39,89,0.781,4.94,26,1.44,118,236,0.5,13.11,6,8,4,0.444,6.56,2018
"416",81,"Butler",30,20,1.5,NA,NA,208,10.4,20,1820,0.989,2,3,0.667,92,4.6,46,0.697,2.3,31,1.55,112,266,0.421,13.3,13,6,1,0.675,5.6,2018
"417",82,"Baylor",39,26,1.5,NA,NA,296,11.38,23,2361,0.877,1,1,1,137,5.27,87,0.791,3.35,49,1.88,194,379,0.512,14.58,20,6,0,0.769,7.46,2018
"418",83,"James Madison",30,20,1.5,NA,NA,225,11.25,24,1843,1.172,1,1,1,90,4.5,62,0.721,3.1,30,1.5,114,231,0.494,11.55,11,8,1,0.575,5.7,2018
"419",84,"Northern Colo.",31,21,1.48,NA,NA,173,8.24,27,1931,1.258,2,4,0.5,111,5.29,80,0.748,3.81,40,1.9,147,299,0.492,14.24,12,8,1,0.595,7,2018
"420",85,"Saint Joseph's",31,21,1.48,NA,NA,164,7.81,17,1931,0.792,2,2,1,107,5.1,71,0.807,3.38,38,1.81,151,330,0.458,15.71,14,5,2,0.714,7.19,2018
"421",86,"Dartmouth",25,17,1.47,NA,NA,109,6.41,14,1618,0.779,3,3,1,73,4.29,74,0.841,4.35,24,1.41,122,227,0.537,13.35,10,5,2,0.647,7.18,2018
"422",87,"Weber St.",26,18,1.44,NA,NA,166,9.22,19,1707,1.002,0,0,0,72,4,87,0.821,4.83,23,1.28,84,173,0.486,9.61,9,5,4,0.611,4.67,2018
"423",88,"Southeastern La.",26,18,1.44,NA,NA,142,7.89,19,1700,1.006,1,1,1,90,5,106,0.848,5.89,32,1.78,114,252,0.452,14,7,7,4,0.5,6.33,2018
"424",89,"McNeese",30,21,1.43,NA,NA,138,6.57,20,1973,0.912,2,3,0.667,102,4.86,88,0.815,4.19,36,1.71,199,346,0.575,16.48,13,7,1,0.643,9.48,2018
"425",90,"Loyola Chicago",27,19,1.42,NA,NA,223,11.74,23,1741,1.189,2,2,1,107,5.63,74,0.763,3.89,40,2.11,121,270,0.448,14.21,11,7,1,0.605,6.37,2018
"426",91,"Stony Brook",27,19,1.42,NA,NA,189,9.95,22,1654,1.197,4,5,0.8,95,5,85,0.794,4.47,34,1.79,119,225,0.529,11.84,11,7,1,0.605,6.26,2018
"427",92,"East Carolina",27,19,1.42,NA,NA,154,8.11,23,1796,1.153,1,2,0.5,89,4.68,90,0.796,4.74,31,1.63,128,274,0.467,14.42,10,6,3,0.605,6.74,2018
"428",93,"Wisconsin",31,22,1.41,NA,NA,222,10.09,19,2078,0.823,2,3,0.667,101,4.59,73,0.793,3.32,35,1.59,118,268,0.44,12.18,14,4,4,0.727,5.36,2018
"429",94,"Little Rock",31,22,1.41,NA,NA,154,7,20,2074,0.868,3,3,1,113,5.14,87,0.813,3.95,41,1.86,143,301,0.475,13.68,13,5,4,0.682,6.5,2018
"430",95,"Saint Francis (PA)",28,20,1.4,NA,NA,197,9.85,24,1869,1.156,1,3,0.333,86,4.3,117,0.83,5.85,29,1.45,125,270,0.463,13.5,8,9,3,0.475,6.25,2018
"431",96,"North Florida",22,16,1.38,NA,NA,154,9.63,22,1470,1.347,3,3,1,74,4.63,57,0.722,3.56,26,1.63,120,242,0.496,15.13,7,8,1,0.469,7.5,2018
"432",97,"Michigan",26,19,1.37,NA,NA,174,9.16,28,1761,1.43,0,0,0,86,4.53,59,0.678,3.11,30,1.58,116,238,0.487,12.53,9,9,1,0.5,6.11,2018
"433",98,"American",23,17,1.35,NA,NA,140,8.24,17,1652,0.926,1,2,0.5,71,4.18,95,0.848,5.59,24,1.41,118,237,0.498,13.94,7,5,5,0.559,6.94,2018
"434",99,"Yale",23,17,1.35,NA,NA,133,7.82,25,1543,1.458,0,0,0,65,3.82,65,0.722,3.82,21,1.24,99,207,0.478,12.18,7,9,1,0.441,5.82,2018
"435",100,"Ohio",27,20,1.35,NA,NA,140,7,22,1888,1.049,0,0,0,75,3.75,94,0.81,4.7,24,1.2,141,280,0.504,14,9,8,3,0.525,7.05,2018
"436",101,"Kent St.",27,20,1.35,NA,NA,240,12,30,1863,1.449,3,3,1,101,5.05,65,0.684,3.25,37,1.85,152,322,0.472,16.1,10,8,2,0.55,7.6,2018
"437",102,"Utah Valley",28,21,1.33,NA,NA,209,9.95,34,1933,1.583,0,0,0,74,3.52,105,0.755,5,23,1.1,105,258,0.407,12.29,5,14,2,0.286,5,2018
"438",103,"Grambling",29,22,1.32,NA,NA,200,9.09,22,1951,1.015,4,6,0.667,103,4.68,62,0.738,2.82,37,1.68,157,307,0.511,13.95,14,8,0,0.636,7.14,2018
"439",104,"Abilene Christian",29,22,1.32,NA,NA,168,7.64,13,2060,0.568,0,0,0,93,4.23,107,0.892,4.86,32,1.45,177,376,0.471,17.09,15,6,1,0.705,8.05,2018
"440",105,"Toledo",25,19,1.32,NA,NA,187,9.84,23,1782,1.161,2,3,0.667,87,4.58,79,0.775,4.16,31,1.63,120,238,0.504,12.53,8,9,2,0.474,6.32,2018
"441",106,"Central Mich.",25,19,1.32,NA,NA,179,9.42,34,1746,1.752,0,0,0,79,4.16,76,0.691,4,27,1.42,103,208,0.495,10.95,7,12,0,0.368,5.42,2018
"442",107,"Northeastern",26,20,1.3,NA,NA,161,8.05,22,1857,1.066,1,2,0.5,78,3.9,81,0.786,4.05,26,1.3,125,283,0.442,14.15,10,9,1,0.525,6.25,2018
"443",108,"Illinois",26,20,1.3,NA,NA,208,10.4,21,1859,1.017,3,4,0.75,94,4.7,73,0.777,3.65,34,1.7,115,235,0.489,11.75,11,8,1,0.575,5.75,2018
"444",109,"Boise St.",26,20,1.3,NA,NA,211,10.55,17,1793,0.853,3,3,1,92,4.6,75,0.815,3.75,33,1.65,125,282,0.443,14.1,13,4,3,0.725,6.25,2018
"445",110,"Charlotte",22,17,1.29,NA,NA,160,9.41,22,1540,1.286,3,5,0.6,68,4,70,0.761,4.12,23,1.35,119,270,0.441,15.88,8,9,0,0.471,7,2018
"446",111,"South Carolina",27,21,1.29,NA,NA,175,8.33,12,1938,0.557,3,4,0.75,87,4.14,57,0.826,2.71,30,1.43,105,270,0.389,12.86,14,6,1,0.69,5,2018
"447",112,"Eastern Mich.",27,21,1.29,NA,NA,226,10.76,32,1907,1.51,2,4,0.5,81,3.86,113,0.779,5.38,27,1.29,135,330,0.409,15.71,10,11,0,0.476,6.43,2018
"448",113,"Florida",27,21,1.29,NA,NA,150,7.14,22,1982,0.999,1,1,1,73,3.48,84,0.792,4,23,1.1,92,238,0.387,11.33,7,10,4,0.429,4.38,2018
"449",114,"Tulsa",23,18,1.28,NA,NA,186,10.33,33,1657,1.792,1,1,1,81,4.5,95,0.742,5.28,29,1.61,108,262,0.412,14.56,7,10,1,0.417,6,2018
"450",115,"Longwood",23,18,1.28,NA,NA,156,8.67,25,1700,1.323,0,1,0,85,4.72,72,0.742,4,31,1.72,139,315,0.441,17.5,8,7,3,0.528,7.72,2018
"451",116,"Rider",23,18,1.28,NA,NA,108,6,23,1713,1.208,1,1,1,75,4.17,119,0.838,6.61,26,1.44,122,236,0.517,13.11,8,6,4,0.556,6.78,2018
"452",117,"Mississippi Val.",23,18,1.28,NA,NA,127,7.06,39,1698,2.067,2,3,0.667,85,4.72,145,0.788,8.06,31,1.72,111,210,0.529,11.67,5,9,4,0.389,6.17,2018
"453",118,"Cleveland St.",24,19,1.26,NA,NA,167,8.79,19,1748,0.978,2,2,1,84,4.42,73,0.793,3.84,30,1.58,101,242,0.417,12.74,11,7,1,0.605,5.32,2018
"454",119,"Murray St.",24,19,1.26,NA,NA,163,8.58,23,1734,1.193,4,6,0.667,96,5.05,82,0.781,4.32,36,1.89,158,345,0.458,18.16,13,5,1,0.711,8.32,2018
"455",120,"Maine",20,16,1.25,NA,NA,131,8.19,23,1469,1.408,0,0,0,74,4.63,74,0.763,4.63,27,1.69,105,228,0.461,14.25,6,9,1,0.406,6.56,2018
"456",121,"Rutgers",25,20,1.25,NA,NA,182,9.1,14,1965,0.641,2,4,0.5,81,4.05,53,0.791,2.65,28,1.4,108,260,0.415,13,11,4,5,0.675,5.4,2018
"457",122,"Presbyterian",20,16,1.25,NA,NA,148,9.25,25,1355,1.66,2,4,0.5,78,4.88,71,0.74,4.44,29,1.81,113,224,0.504,14,8,8,0,0.5,7.06,2018
"458",123,"Portland",25,20,1.25,NA,NA,222,11.1,21,1808,1.045,4,4,1,85,4.25,87,0.806,4.35,30,1.5,96,212,0.453,10.6,11,9,0,0.55,4.8,2018
"459",124,"Fla. Atlantic",26,21,1.24,NA,NA,187,8.9,26,1917,1.221,2,3,0.667,88,4.19,83,0.761,3.95,31,1.48,120,274,0.438,13.05,12,8,1,0.595,5.71,2018
"460",125,"Illinois St.",26,21,1.24,NA,NA,193,9.19,35,1933,1.63,1,1,1,90,4.29,105,0.75,5,32,1.52,171,348,0.491,16.57,10,9,2,0.524,8.14,2018
"461",126,"Hawaii",21,17,1.24,NA,NA,172,10.12,20,1592,1.13,2,3,0.667,81,4.76,86,0.811,5.06,30,1.76,99,198,0.5,11.65,9,7,1,0.559,5.82,2018
"462",127,"UTSA",21,17,1.24,NA,NA,177,10.41,27,1563,1.554,1,2,0.5,69,4.06,62,0.697,3.65,24,1.41,108,231,0.468,13.59,6,9,2,0.412,6.35,2018
"463",128,"Notre Dame",22,18,1.22,NA,NA,142,7.89,31,1620,1.722,0,1,0,70,3.89,64,0.674,3.56,24,1.33,109,252,0.433,14,8,10,0,0.444,6.06,2018
"464",129,"Oklahoma St.",22,18,1.22,NA,NA,167,9.28,19,1652,1.035,3,4,0.75,82,4.56,79,0.806,4.39,30,1.67,111,253,0.439,14.06,10,7,1,0.583,6.17,2018
"465",130,"Villanova",22,18,1.22,NA,NA,215,11.94,23,1643,1.26,2,2,1,72,4,81,0.779,4.5,25,1.39,93,232,0.401,12.89,9,9,0,0.5,5.17,2018
"466",131,"Gonzaga",22,18,1.22,NA,NA,174,9.67,18,1727,0.938,0,2,0,72,4,62,0.775,3.44,25,1.39,122,288,0.424,16,10,4,4,0.667,6.78,2018
"467",132,"UCF",22,18,1.22,NA,NA,153,8.5,19,1654,1.034,3,4,0.75,90,5,55,0.743,3.06,34,1.89,119,291,0.409,16.17,10,7,1,0.583,6.61,2018
"468",133,"Fairleigh Dickinson",23,19,1.21,NA,NA,210,11.05,25,1799,1.25,1,1,1,69,3.63,86,0.775,4.53,23,1.21,126,238,0.529,12.53,6,10,3,0.395,6.63,2018
"469",134,"Houston Baptist",23,19,1.21,NA,NA,170,8.95,25,1756,1.281,1,1,1,71,3.74,106,0.809,5.58,24,1.26,97,195,0.497,10.26,10,8,1,0.553,5.11,2018
"470",135,"Northwestern St.",24,20,1.2,NA,NA,213,10.65,32,1815,1.586,2,3,0.667,108,5.4,60,0.652,3,42,2.1,183,384,0.477,19.2,10,10,0,0.5,9.15,2018
"471",136,"UC Santa Barbara",25,21,1.19,NA,NA,221,10.52,20,1946,0.925,1,1,1,89,4.24,75,0.789,3.57,32,1.52,126,298,0.423,14.19,13,7,1,0.643,6,2018
"472",137,"Nebraska",25,21,1.19,NA,NA,197,9.38,29,1993,1.31,4,4,1,81,3.86,60,0.674,2.86,28,1.33,99,223,0.444,10.62,9,7,5,0.548,4.71,2018
"473",138,"Fairfield",21,18,1.17,NA,NA,126,7,27,1660,1.463,2,3,0.667,81,4.5,72,0.727,4,30,1.67,127,310,0.41,17.22,7,9,2,0.444,7.06,2018
"474",139,"Arkansas St.",21,18,1.17,NA,NA,178,9.89,21,1706,1.107,1,2,0.5,73,4.06,85,0.802,4.72,26,1.44,99,215,0.46,11.94,8,7,3,0.528,5.5,2018
"475",140,"Oklahoma",22,19,1.16,NA,NA,172,9.05,29,1783,1.463,1,2,0.5,78,4.11,99,0.773,5.21,28,1.47,97,211,0.46,11.11,7,10,2,0.421,5.11,2018
"476",141,"IUPUI",22,19,1.16,NA,NA,167,8.79,24,1778,1.215,3,5,0.6,64,3.37,98,0.803,5.16,21,1.11,105,245,0.429,12.89,6,10,3,0.395,5.53,2018
"477",142,"Purdue Fort Wayne",22,19,1.16,NA,NA,227,11.95,46,1769,2.339,1,2,0.5,66,3.47,114,0.713,6,22,1.16,82,179,0.458,9.42,4,12,3,0.289,4.32,2018
"478",143,"Kansas",24,21,1.14,NA,NA,214,10.19,23,2009,1.03,0,1,0,80,3.81,59,0.72,2.81,28,1.33,110,308,0.357,14.67,12,6,3,0.643,5.24,2018
"479",144,"TCU",24,21,1.14,NA,NA,223,10.62,19,1970,0.868,3,4,0.75,94,4.48,79,0.806,3.76,35,1.67,142,332,0.428,15.81,13,5,3,0.69,6.76,2018
"480",145,"Princeton",19,17,1.12,NA,NA,189,11.12,12,1572,0.687,1,1,1,67,3.94,63,0.84,3.71,24,1.41,111,252,0.44,14.82,11,4,2,0.706,6.53,2018
"481",146,"Rice",19,17,1.12,NA,NA,169,9.94,26,1564,1.496,1,1,1,71,4.18,67,0.72,3.94,26,1.53,96,249,0.386,14.65,7,9,1,0.441,5.65,2018
"482",147,"Northern Ariz.",20,18,1.11,NA,NA,191,10.61,12,1717,0.629,0,1,0,58,3.22,67,0.848,3.72,19,1.06,106,219,0.484,12.17,9,5,4,0.611,5.89,2018
"483",148,"Utah",21,19,1.11,NA,NA,149,7.84,20,1702,1.057,1,1,1,67,3.53,93,0.823,4.89,23,1.21,84,207,0.406,10.89,9,8,2,0.526,4.42,2018
"484",149,"Marist",21,19,1.11,NA,NA,175,9.21,22,1750,1.131,0,1,0,69,3.63,80,0.784,4.21,24,1.26,116,220,0.527,11.58,9,8,2,0.526,6.11,2018
"485",150,"South Alabama",21,19,1.11,NA,NA,161,8.47,21,1771,1.067,2,3,0.667,69,3.63,89,0.809,4.68,24,1.26,146,315,0.463,16.58,8,9,2,0.474,7.68,2018
"486",151,"Oregon",21,19,1.11,NA,NA,170,8.95,24,1763,1.225,1,1,1,63,3.32,74,0.755,3.89,21,1.11,92,200,0.46,10.53,9,9,1,0.5,4.84,2018
"487",152,"Pepperdine",21,19,1.11,NA,NA,172,9.05,16,1750,0.823,1,3,0.333,59,3.11,64,0.8,3.37,19,1,102,246,0.415,12.95,11,6,2,0.632,5.37,2018
"488",153,"ETSU",21,19,1.11,NA,NA,137,7.21,32,1724,1.67,1,2,0.5,79,4.16,110,0.775,5.79,29,1.53,101,214,0.472,11.26,8,11,0,0.421,5.32,2018
"489",154,"Towson",21,19,1.11,NA,NA,202,10.63,40,1814,1.985,2,3,0.667,59,3.11,108,0.73,5.68,19,1,130,262,0.496,13.79,4,12,3,0.289,6.84,2018
"490",155,"DePaul",21,19,1.11,NA,NA,204,10.74,17,1827,0.837,1,1,1,73,3.84,74,0.813,3.89,26,1.37,139,257,0.541,13.53,8,6,5,0.553,7.32,2018
"491",156,"California",21,19,1.11,NA,NA,158,8.32,41,1759,2.097,1,1,1,73,3.84,68,0.624,3.58,26,1.37,91,209,0.435,11,5,12,2,0.316,4.79,2018
"492",157,"Kennesaw St.",21,19,1.11,NA,NA,167,8.79,20,1747,1.03,0,0,0,75,3.95,95,0.826,5,27,1.42,101,222,0.455,11.68,12,6,1,0.658,5.32,2018
"493",158,"Navy",22,20,1.1,NA,NA,193,9.65,19,1864,0.917,2,2,1,76,3.8,60,0.759,3,27,1.35,107,246,0.435,12.3,11,6,3,0.625,5.35,2018
"494",159,"Seattle U",23,21,1.1,NA,NA,180,8.57,26,1954,1.198,1,2,0.5,93,4.43,90,0.776,4.29,35,1.67,131,300,0.437,14.29,10,8,3,0.548,6.24,2018
"495",160,"Omaha",23,21,1.1,NA,NA,174,8.29,29,1940,1.345,0,0,0,57,2.71,99,0.773,4.71,17,0.81,102,218,0.468,10.38,8,11,2,0.429,4.86,2018
"496",161,"Boston U.",24,22,1.09,NA,NA,146,6.64,19,2100,0.814,1,1,1,76,3.45,76,0.8,3.45,26,1.18,147,337,0.436,15.32,11,7,4,0.591,6.68,2018
"497",162,"Harvard",16,15,1.07,NA,NA,114,7.6,18,1375,1.178,4,4,1,54,3.6,57,0.76,3.8,19,1.27,83,167,0.497,11.13,7,7,1,0.5,5.53,2018
"498",163,"Alabama St.",18,17,1.06,NA,NA,156,9.18,35,1540,2.045,0,0,0,66,3.88,111,0.76,6.53,24,1.41,85,163,0.521,9.59,6,11,0,0.353,5,2018
"499",164,"NJIT",19,18,1.06,NA,NA,162,9,21,1662,1.137,3,4,0.75,73,4.06,93,0.816,5.17,27,1.5,112,243,0.461,13.5,11,5,2,0.667,6.22,2018
"500",165,"Colgate",19,18,1.06,NA,NA,148,8.22,10,1688,0.533,2,2,1,69,3.83,79,0.888,4.39,25,1.39,111,276,0.402,15.33,11,4,3,0.694,6.17,2018
"501",166,"Colorado Col.",19,18,1.06,NA,NA,154,8.56,18,1674,0.968,2,5,0.4,61,3.39,69,0.793,3.83,21,1.17,122,283,0.431,15.72,9,7,2,0.556,6.78,2018
"502",167,"UC Riverside",19,18,1.06,NA,NA,170,9.44,8,1598,0.45,0,0,0,53,2.94,68,0.895,3.78,17,0.94,94,214,0.439,11.89,11,4,3,0.694,5.22,2018
"503",168,"Arizona St.",19,18,1.06,NA,NA,152,8.44,22,1659,1.193,0,0,0,77,4.28,68,0.756,3.78,29,1.61,126,250,0.504,13.89,10,7,1,0.583,7,2018
"504",169,"George Washington",20,19,1.05,NA,NA,152,8,26,1749,1.338,0,0,0,74,3.89,101,0.795,5.32,27,1.42,164,292,0.562,15.37,10,8,1,0.553,8.63,2018
"505",170,"Cal St. Fullerton",20,19,1.05,NA,NA,200,10.53,31,1777,1.57,1,1,1,66,3.47,72,0.699,3.79,23,1.21,92,222,0.414,11.68,4,12,3,0.289,4.84,2018
"506",171,"High Point",20,19,1.05,NA,NA,156,8.21,27,1814,1.34,1,1,1,68,3.58,100,0.787,5.26,24,1.26,96,239,0.402,12.58,5,10,4,0.368,5.05,2018
"507",172,"Chattanooga",20,19,1.05,NA,NA,174,9.16,26,1784,1.311,1,3,0.333,72,3.79,75,0.743,3.95,26,1.37,127,245,0.518,12.89,8,8,3,0.5,6.68,2018
"508",173,"St. John's (NY)",20,19,1.05,NA,NA,141,7.42,26,1738,1.346,2,2,1,70,3.68,87,0.77,4.58,25,1.32,108,221,0.489,11.63,9,9,1,0.5,5.68,2018
"509",174,"Ohio St.",20,19,1.05,NA,NA,183,9.63,15,1809,0.746,1,1,1,64,3.37,75,0.833,3.95,22,1.16,106,222,0.477,11.68,9,6,4,0.579,5.58,2018
"510",175,"Niagara",20,19,1.05,NA,NA,208,10.95,26,1770,1.322,2,3,0.667,74,3.89,91,0.778,4.79,27,1.42,111,319,0.348,16.79,10,7,2,0.579,5.84,2018
"511",176,"Appalachian St.",20,19,1.05,NA,NA,138,7.26,26,1741,1.344,2,2,1,72,3.79,84,0.764,4.42,26,1.37,105,225,0.467,11.84,9,9,1,0.5,5.53,2018
"512",177,"UMass Lowell",22,21,1.05,NA,NA,164,7.81,39,2016,1.741,2,2,1,88,4.19,115,0.747,5.48,33,1.57,137,300,0.457,14.29,7,9,5,0.452,6.52,2018
"513",178,"Siena",23,22,1.05,NA,NA,181,8.23,25,2065,1.09,1,3,0.333,67,3.05,125,0.833,5.68,22,1,143,279,0.513,12.68,11,8,3,0.568,6.5,2018
"514",179,"LSU",25,24,1.04,NA,NA,186,7.75,25,2303,0.977,4,4,1,91,3.79,111,0.816,4.63,33,1.38,163,355,0.459,14.79,13,7,4,0.625,6.79,2018
"515",180,"Miami (OH)",18,18,1,NA,NA,165,9.17,34,1658,1.845,1,1,1,52,2.89,105,0.755,5.83,17,0.94,74,178,0.416,9.89,3,14,1,0.194,4.11,2018
"516",181,"Northwestern",19,19,1,NA,NA,156,8.21,13,1809,0.647,0,1,0,61,3.21,77,0.856,4.05,21,1.11,93,215,0.433,11.32,10,5,4,0.632,4.89,2018
"517",182,"South Dakota St.",19,19,1,NA,NA,159,8.37,14,1783,0.706,0,1,0,71,3.74,79,0.849,4.16,26,1.37,117,302,0.387,15.89,12,6,1,0.658,6.16,2018
"518",183,"VMI",18,18,1,NA,NA,182,10.11,28,1673,1.506,0,0,0,76,4.22,102,0.785,5.67,29,1.61,138,291,0.474,16.17,7,9,2,0.444,7.67,2018
"519",184,"Charleston So.",17,17,1,NA,NA,173,10.18,18,1597,1.014,1,1,1,59,3.47,100,0.847,5.88,21,1.24,102,241,0.423,14.18,9,6,2,0.588,6,2018
"520",185,"Liberty",17,17,1,NA,NA,161,9.47,32,1549,1.859,0,1,0,53,3.12,81,0.717,4.76,18,1.06,99,178,0.556,10.47,6,11,0,0.353,5.82,2018
"521",186,"Valparaiso",16,16,1,NA,NA,203,12.69,22,1507,1.313,1,3,0.333,50,3.13,64,0.744,4,17,1.06,107,218,0.491,13.63,5,8,3,0.406,6.69,2018
"522",187,"SIUE",17,17,1,NA,NA,165,9.71,28,1581,1.593,0,1,0,53,3.12,81,0.743,4.76,18,1.06,114,237,0.481,13.94,6,9,2,0.412,6.71,2018
"523",188,"Howard",20,21,0.95,NA,NA,154,7.33,22,1972,1.004,2,3,0.667,88,4.19,116,0.841,5.52,34,1.62,156,286,0.545,13.62,12,7,2,0.619,7.43,2018
"524",189,"Oral Roberts",19,20,0.95,NA,NA,136,6.8,33,1815,1.636,1,1,1,57,2.85,102,0.756,5.1,19,0.95,96,196,0.49,9.8,8,12,0,0.4,4.8,2018
"525",190,"Ball St.",19,20,0.95,NA,NA,284,14.2,15,1914,0.705,4,5,0.8,79,3.95,72,0.828,3.6,30,1.5,141,285,0.495,14.25,14,3,3,0.775,7.05,2018
"526",191,"Eastern Ky.",19,20,0.95,NA,NA,196,9.8,30,1911,1.412,0,1,0,73,3.65,105,0.778,5.25,27,1.35,105,241,0.436,12.05,8,8,4,0.5,5.25,2018
"527",192,"Lehigh",19,20,0.95,NA,NA,178,8.9,25,1852,1.215,0,0,0,57,2.85,90,0.783,4.5,19,0.95,124,271,0.458,13.55,8,12,0,0.4,6.2,2018
"528",193,"Eastern Ill.",19,20,0.95,NA,NA,180,9,24,1924,1.123,0,1,0,55,2.75,94,0.797,4.7,18,0.9,92,195,0.472,9.75,6,8,6,0.45,4.6,2018
"529",194,"Wyoming",19,20,0.95,NA,NA,161,8.05,21,1925,0.982,3,4,0.75,83,4.15,79,0.79,3.95,32,1.6,121,275,0.44,13.75,12,4,4,0.7,6.05,2018
"530",195,"Col. of Charleston",19,20,0.95,NA,NA,185,9.25,25,1885,1.194,0,0,0,79,3.95,84,0.771,4.2,30,1.5,128,296,0.432,14.8,11,8,1,0.575,6.4,2018
"531",196,"Samford",18,19,0.95,NA,NA,192,10.11,24,1750,1.234,0,1,0,66,3.47,70,0.745,3.68,24,1.26,144,307,0.469,16.16,12,6,1,0.658,7.58,2018
"532",197,"Sacred Heart",17,18,0.94,NA,NA,155,8.61,28,1620,1.556,0,1,0,57,3.17,107,0.793,5.94,20,1.11,116,254,0.457,14.11,5,13,0,0.278,6.44,2018
"533",198,"San Diego",17,18,0.94,NA,NA,121,6.72,27,1678,1.448,2,3,0.667,75,4.17,94,0.777,5.22,29,1.61,102,214,0.477,11.89,8,9,1,0.472,5.67,2018
"534",199,"Ark.-Pine Bluff",13,14,0.93,NA,NA,118,8.43,36,1327,2.442,1,2,0.5,47,3.36,63,0.636,4.5,17,1.21,90,147,0.612,10.5,3,9,2,0.286,6.43,2018
"535",200,"Texas Tech",20,22,0.91,NA,NA,217,9.86,12,2044,0.528,3,3,1,86,3.91,62,0.838,2.82,33,1.5,150,355,0.423,16.14,14,5,3,0.705,6.82,2018
"536",201,"Xavier",19,21,0.9,NA,NA,222,10.57,22,2001,0.989,1,2,0.5,81,3.86,98,0.817,4.67,31,1.48,134,312,0.429,14.86,10,8,3,0.548,6.38,2018
"537",202,"UTRGV",19,21,0.9,NA,NA,176,8.38,23,1976,1.047,4,4,1,85,4.05,91,0.798,4.33,33,1.57,167,348,0.48,16.57,12,6,3,0.643,7.95,2018
"538",203,"USC Upstate",18,20,0.9,NA,NA,176,8.8,29,1820,1.433,3,4,0.75,92,4.6,70,0.707,3.5,37,1.85,165,327,0.505,16.35,11,9,0,0.55,8.25,2018
"539",204,"Army West Point",18,20,0.9,NA,NA,247,12.35,16,1963,0.733,0,0,0,48,2.4,110,0.873,5.5,15,0.75,92,207,0.444,10.35,7,6,7,0.525,4.6,2018
"540",205,"Providence",18,20,0.9,NA,NA,149,7.45,16,1877,0.767,0,0,0,70,3.5,98,0.86,4.9,26,1.3,114,244,0.467,12.2,11,6,3,0.625,5.7,2018
"541",206,"Georgia St.",18,20,0.9,NA,NA,175,8.75,27,1883,1.291,2,2,1,62,3.1,89,0.767,4.45,22,1.1,116,260,0.446,13,8,10,2,0.45,5.8,2018
"542",207,"Southern Miss.",18,20,0.9,NA,NA,159,7.95,19,1852,0.923,2,2,1,94,4.7,75,0.798,3.75,38,1.9,114,254,0.449,12.7,13,6,1,0.675,5.7,2018
"543",208,"LMU (CA)",18,20,0.9,NA,NA,216,10.8,33,1897,1.565,1,1,1,60,3,82,0.713,4.1,21,1.05,87,185,0.47,9.25,3,13,4,0.25,4.35,2018
"544",209,"SFA",17,19,0.89,NA,NA,156,8.21,30,1802,1.498,0,0,0,55,2.89,72,0.706,3.79,19,1,93,245,0.38,12.89,7,9,3,0.447,4.89,2018
"545",210,"UTEP",17,19,0.89,NA,NA,209,11,25,1841,1.222,4,4,1,75,3.95,99,0.798,5.21,29,1.53,120,251,0.478,13.21,7,8,4,0.474,6.32,2018
"546",211,"Campbell",17,19,0.89,NA,NA,127,6.68,28,1737,1.451,1,1,1,59,3.11,100,0.781,5.26,21,1.11,93,226,0.412,11.89,7,11,1,0.395,4.89,2018
"547",212,"Dayton",17,19,0.89,NA,NA,177,9.32,26,1772,1.32,0,0,0,53,2.79,92,0.78,4.84,18,0.95,86,191,0.45,10.05,8,9,2,0.474,4.53,2018
"548",213,"Houston",17,19,0.89,NA,NA,219,11.53,34,1792,1.707,1,2,0.5,75,3.95,95,0.736,5,29,1.53,123,280,0.439,14.74,7,10,2,0.421,6.47,2018
"549",214,"Idaho",17,19,0.89,NA,NA,222,11.68,19,1774,0.964,0,0,0,59,3.11,95,0.833,5,21,1.11,107,222,0.482,11.68,9,7,3,0.553,5.63,2018
"550",215,"Kentucky",17,19,0.89,NA,NA,152,8,48,1728,2.5,2,2,1,55,2.89,79,0.622,4.16,19,1,87,192,0.453,10.11,5,14,0,0.263,4.58,2018
"551",216,"UC Irvine",17,19,0.89,NA,NA,208,10.95,21,1856,1.018,1,1,1,61,3.21,82,0.796,4.32,22,1.16,98,220,0.445,11.58,8,7,4,0.526,5.16,2018
"552",217,"Miami (FL)",16,18,0.89,NA,NA,122,6.78,26,1693,1.382,1,2,0.5,54,3,86,0.768,4.78,19,1.06,82,201,0.408,11.17,6,9,3,0.417,4.56,2018
"553",218,"Indiana St.",16,18,0.89,NA,NA,182,10.11,30,1688,1.599,2,3,0.667,74,4.11,71,0.703,3.94,29,1.61,111,199,0.558,11.06,6,9,3,0.417,6.17,2018
"554",219,"Iowa",16,18,0.89,NA,NA,216,12,21,1699,1.112,2,2,1,56,3.11,61,0.744,3.39,20,1.11,101,206,0.49,11.44,8,7,3,0.528,5.61,2018
"555",220,"Purdue",16,18,0.89,NA,NA,190,10.56,20,1714,1.05,3,3,1,56,3.11,64,0.762,3.56,20,1.11,102,225,0.453,12.5,6,8,4,0.444,5.67,2018
"556",221,"Winthrop",16,18,0.89,NA,NA,169,9.39,31,1646,1.695,3,3,1,68,3.78,97,0.758,5.39,26,1.44,101,203,0.498,11.28,8,9,1,0.472,5.61,2018
"557",222,"Lafayette",15,17,0.88,NA,NA,99,5.82,27,1530,1.588,0,1,0,45,2.65,86,0.761,5.06,15,0.88,62,115,0.539,6.76,5,12,0,0.294,3.65,2018
"558",223,"Loyola Maryland",15,17,0.88,NA,NA,149,8.76,24,1551,1.392,2,3,0.667,53,3.12,54,0.692,3.18,19,1.12,92,200,0.46,11.76,6,10,1,0.382,5.41,2018
"559",224,"Ga. Southern",15,17,0.88,NA,NA,131,7.71,28,1545,1.631,0,0,0,47,2.76,90,0.763,5.29,16,0.94,86,196,0.439,11.53,5,12,0,0.294,5.06,2018
"560",225,"Belmont",15,17,0.88,NA,NA,165,9.71,30,1608,1.679,2,3,0.667,51,3,76,0.717,4.47,18,1.06,102,245,0.416,14.41,6,8,3,0.441,6,2018
"561",226,"Tennessee Tech",15,17,0.88,NA,NA,134,7.88,22,1573,1.258,2,2,1,53,3.12,79,0.782,4.65,19,1.12,81,175,0.463,10.29,7,8,2,0.471,4.76,2018
"562",227,"Bryant",14,16,0.88,NA,NA,103,6.44,18,1463,1.107,0,0,0,52,3.25,70,0.795,4.38,19,1.19,90,188,0.479,11.75,8,7,1,0.531,5.63,2018
"563",228,"Virginia Tech",19,22,0.86,NA,NA,272,12.36,23,2056,1.006,0,0,0,61,2.77,92,0.8,4.18,21,0.95,114,255,0.447,11.59,11,8,3,0.568,5.18,2018
"564",229,"Akron",17,20,0.85,NA,NA,210,10.5,23,1876,1.103,4,4,1,71,3.55,114,0.832,5.7,27,1.35,106,221,0.48,11.05,8,10,2,0.45,5.3,2018
"565",230,"Troy",17,20,0.85,NA,NA,163,8.15,47,1842,2.296,0,1,0,53,2.65,90,0.657,4.5,18,0.9,86,177,0.486,8.85,5,14,1,0.275,4.3,2018
"566",231,"Drake",16,19,0.84,NA,NA,167,8.79,20,1755,1.025,2,3,0.667,56,2.95,98,0.831,5.16,20,1.05,104,209,0.498,11,9,9,1,0.5,5.47,2018
"567",232,"Saint Mary's (CA)",16,19,0.84,NA,NA,228,12,30,1810,1.492,1,1,1,52,2.74,99,0.767,5.21,18,0.95,69,163,0.423,8.58,7,10,2,0.421,3.63,2018
"568",233,"Marquette",15,18,0.83,NA,NA,170,9.44,27,1691,1.437,0,0,0,43,2.39,106,0.797,5.89,14,0.78,92,209,0.44,11.61,4,11,3,0.306,5.11,2018
"569",234,"Sacramento St.",15,18,0.83,NA,NA,215,11.94,36,1680,1.928,2,2,1,53,2.94,77,0.681,4.28,19,1.06,86,169,0.509,9.39,3,13,2,0.222,4.78,2018
"570",235,"UConn",15,18,0.83,NA,NA,169,9.39,44,1620,2.444,0,0,0,57,3.17,81,0.648,4.5,21,1.17,82,202,0.406,11.22,4,14,0,0.222,4.56,2018
"571",236,"UAB",15,18,0.83,NA,NA,142,7.89,18,1642,0.987,3,3,1,47,2.61,93,0.838,5.17,16,0.89,62,150,0.413,8.33,9,8,1,0.528,3.44,2018
"572",237,"South Carolina St.",10,12,0.83,NA,NA,89,7.42,35,1063,2.962,0,1,0,30,2.5,63,0.643,5.25,10,0.83,33,76,0.434,6.33,1,10,1,0.125,2.75,2018
"573",238,"William & Mary",14,17,0.82,NA,NA,168,9.88,25,1555,1.446,1,1,1,50,2.94,86,0.775,5.06,18,1.06,86,196,0.439,11.53,6,10,1,0.382,5.06,2018
"574",239,"Elon",14,17,0.82,NA,NA,143,8.41,30,1620,1.667,1,2,0.5,48,2.82,75,0.714,4.41,17,1,90,214,0.421,12.59,3,10,4,0.294,5.29,2018
"575",240,"Canisius",14,17,0.82,NA,NA,165,9.71,26,1631,1.435,1,2,0.5,46,2.71,92,0.78,5.41,16,0.94,77,147,0.524,8.65,4,8,5,0.382,4.53,2018
"576",241,"Detroit Mercy",16,20,0.8,NA,NA,201,10.05,22,1918,1.032,1,1,1,54,2.7,115,0.839,5.75,19,0.95,87,181,0.481,9.05,9,8,3,0.525,4.35,2018
"577",242,"St. Bonaventure",15,19,0.79,NA,NA,134,7.05,34,1829,1.672,1,1,1,49,2.58,131,0.794,6.89,17,0.89,64,167,0.383,8.79,2,13,4,0.211,3.37,2018
"578",243,"Eastern Wash.",15,19,0.79,NA,NA,271,14.26,20,1790,1.005,1,1,1,63,3.32,82,0.804,4.32,24,1.26,126,295,0.427,15.53,8,8,3,0.5,6.63,2018
"579",244,"Fordham",15,19,0.79,NA,NA,147,7.74,16,1763,0.817,1,1,1,53,2.79,62,0.795,3.26,19,1,93,204,0.456,10.74,9,9,1,0.5,4.89,2018
"580",245,"Texas Southern",14,18,0.78,NA,NA,138,7.67,26,1729,1.353,1,1,1,54,3,65,0.714,3.61,20,1.11,124,218,0.569,12.11,7,7,4,0.5,6.89,2018
"581",246,"CSU Bakersfield",14,18,0.78,NA,NA,180,10,35,1696,1.857,1,1,1,56,3.11,110,0.759,6.11,21,1.17,110,215,0.512,11.94,6,10,2,0.389,6.11,2018
"582",247,"Jacksonville St.",14,18,0.78,NA,NA,144,8,26,1731,1.351,1,1,1,48,2.67,82,0.759,4.56,17,0.94,96,200,0.48,11.11,4,11,3,0.306,5.33,2018
"583",248,"Cincinnati",14,18,0.78,NA,NA,158,8.78,32,1707,1.686,2,3,0.667,50,2.78,92,0.742,5.11,18,1,97,225,0.431,12.5,6,9,3,0.417,5.39,2018
"584",249,"Georgia",14,18,0.78,NA,NA,170,9.44,21,1720,1.099,1,1,1,46,2.56,94,0.817,5.22,16,0.89,97,218,0.445,12.11,4,9,5,0.361,5.39,2018
"585",250,"Binghamton",14,18,0.78,NA,NA,178,9.89,24,1664,1.298,0,0,0,56,3.11,59,0.711,3.28,21,1.17,111,218,0.509,12.11,7,9,2,0.444,6.17,2018
"586",251,"Austin Peay",13,17,0.76,NA,NA,140,8.24,22,1555,1.273,2,2,1,57,3.35,67,0.753,3.94,22,1.29,93,231,0.403,13.59,8,8,1,0.5,5.47,2018
"587",252,"Holy Cross",13,17,0.76,NA,NA,112,6.59,26,1557,1.503,1,1,1,43,2.53,87,0.77,5.12,15,0.88,90,195,0.462,11.47,5,12,0,0.294,5.29,2018
"588",253,"Duquesne",13,17,0.76,NA,NA,121,7.12,22,1600,1.237,1,3,0.333,43,2.53,76,0.776,4.47,15,0.88,100,202,0.495,11.88,6,9,2,0.412,5.88,2018
"589",254,"Creighton",13,17,0.76,NA,NA,152,8.94,30,1564,1.726,2,2,1,45,2.65,91,0.752,5.35,16,0.94,81,204,0.397,12,6,10,1,0.382,4.76,2018
"590",255,"Grand Canyon",16,21,0.76,NA,NA,235,11.19,31,1965,1.419,1,2,0.5,60,2.86,105,0.772,5,22,1.05,118,246,0.48,11.71,6,13,2,0.333,5.62,2018
"591",256,"Iowa St.",15,20,0.75,NA,NA,177,8.85,33,1875,1.583,2,3,0.667,51,2.55,105,0.761,5.25,18,0.9,78,191,0.408,9.55,4,14,2,0.25,3.9,2018
"592",257,"CSUN",12,16,0.75,NA,NA,206,12.88,24,1496,1.443,0,0,0,44,2.75,72,0.75,4.5,16,1,91,208,0.438,13,6,9,1,0.406,5.69,2018
"593",258,"Bucknell",14,19,0.74,NA,NA,134,7.05,26,1750,1.337,1,1,1,48,2.53,115,0.816,6.05,17,0.89,96,203,0.473,10.68,7,11,1,0.395,5.05,2018
"594",259,"Washington",14,19,0.74,NA,NA,193,10.16,25,1775,1.267,0,0,0,64,3.37,76,0.752,4,25,1.32,121,296,0.409,15.58,8,10,1,0.447,6.37,2018
"595",260,"Alabama A&M",13,18,0.72,NA,NA,74,4.11,33,1655,1.794,1,3,0.333,55,3.06,88,0.727,4.89,21,1.17,94,177,0.531,9.83,5,12,1,0.306,5.22,2018
"596",261,"Robert Morris",13,18,0.72,NA,NA,132,7.33,29,1626,1.604,2,3,0.667,51,2.83,153,0.841,8.5,19,1.06,91,159,0.572,8.83,6,12,0,0.333,5.06,2018
"597",262,"Stetson",12,17,0.71,NA,NA,113,6.65,28,1605,1.57,0,1,0,38,2.24,119,0.81,7,13,0.76,82,147,0.558,8.65,4,10,3,0.324,4.82,2018
"598",263,"Marshall",12,17,0.71,NA,NA,148,8.71,31,1599,1.745,2,3,0.667,54,3.18,96,0.756,5.65,21,1.24,80,167,0.479,9.82,5,9,3,0.382,4.71,2018
"599",264,"Wright St.",12,17,0.71,NA,NA,149,8.76,28,1603,1.572,1,3,0.333,44,2.59,71,0.717,4.18,16,0.94,74,165,0.448,9.71,6,9,2,0.412,4.35,2018
"600",265,"Portland St.",11,16,0.69,NA,NA,222,13.88,29,1469,1.776,0,1,0,47,2.94,81,0.736,5.06,18,1.13,79,161,0.491,10.06,5,10,1,0.344,4.94,2018
"601",266,"Idaho St.",11,16,0.69,NA,NA,200,12.5,57,1457,3.519,1,1,1,41,2.56,90,0.612,5.63,15,0.94,106,242,0.438,15.13,2,14,0,0.125,6.63,2018
"602",267,"San Diego St.",13,19,0.68,NA,NA,137,7.21,28,1770,1.424,2,2,1,55,2.89,93,0.769,4.89,21,1.11,106,207,0.512,10.89,6,10,3,0.395,5.58,2018
"603",268,"Morehead St.",13,19,0.68,NA,NA,175,9.21,36,1746,1.856,2,2,1,47,2.47,123,0.774,6.47,17,0.89,90,199,0.452,10.47,5,14,0,0.263,4.74,2018
"604",269,"Iona",12,18,0.67,NA,NA,152,8.44,36,1667,1.943,0,0,0,44,2.44,101,0.737,5.61,16,0.89,82,175,0.469,9.72,3,13,2,0.222,4.56,2018
"605",270,"Vermont",12,18,0.67,NA,NA,158,8.78,22,1719,1.152,3,3,1,46,2.56,99,0.818,5.5,17,0.94,85,180,0.472,10,6,8,4,0.444,4.72,2018
"606",271,"Fresno St.",13,20,0.65,NA,NA,220,11,25,1880,1.197,3,5,0.6,49,2.45,100,0.8,5,18,0.9,84,197,0.426,9.85,6,10,4,0.4,4.2,2018
"607",272,"UMBC",11,17,0.65,NA,NA,133,7.82,47,1535,2.756,3,3,1,41,2.41,72,0.605,4.24,15,0.88,65,144,0.451,8.47,2,15,0,0.118,3.82,2018
"608",273,"Pittsburgh",11,17,0.65,NA,NA,150,8.82,49,1562,2.822,0,0,0,33,1.94,100,0.671,5.88,11,0.65,68,140,0.486,8.24,4,12,1,0.265,4,2018
"609",274,"Missouri St.",12,19,0.63,NA,NA,172,9.05,20,1766,1.019,0,0,0,44,2.32,114,0.851,6,16,0.84,94,194,0.485,10.21,8,9,2,0.474,4.95,2018
"610",275,"UIC",12,19,0.63,NA,NA,180,9.47,46,1759,2.353,0,0,0,46,2.42,100,0.685,5.26,17,0.89,93,220,0.423,11.58,4,14,1,0.237,4.89,2018
"611",276,"Kansas St.",11,18,0.61,NA,NA,183,10.17,26,1660,1.41,0,2,0,37,2.06,93,0.782,5.17,13,0.72,107,236,0.453,13.11,4,12,2,0.278,5.94,2018
"612",277,"Nicholls St.",11,18,0.61,NA,NA,129,7.17,37,1637,2.034,2,2,1,45,2.5,98,0.726,5.44,17,0.94,96,216,0.444,12,3,15,0,0.167,5.33,2018
"613",278,"Western Caro.",11,18,0.61,NA,NA,149,8.28,21,1647,1.148,2,2,1,47,2.61,78,0.788,4.33,18,1,81,212,0.382,11.78,8,8,2,0.5,4.5,2018
"614",279,"Davidson",10,17,0.59,NA,NA,126,7.41,35,1582,1.99,1,1,1,42,2.47,91,0.722,5.35,16,0.94,78,167,0.467,9.82,2,14,1,0.147,4.59,2018
"615",280,"Southeast Mo. St.",10,17,0.59,NA,NA,177,10.41,24,1586,1.362,0,1,0,34,2,88,0.786,5.18,12,0.71,75,184,0.408,10.82,4,8,5,0.382,4.41,2018
"616",281,"Missouri",11,19,0.58,NA,NA,216,11.37,25,1791,1.256,3,3,1,43,2.26,90,0.783,4.74,16,0.84,102,250,0.408,13.16,6,11,2,0.368,5.37,2018
"617",282,"Maryland",11,19,0.58,NA,NA,156,8.21,22,1822,1.086,0,0,0,43,2.26,102,0.823,5.37,16,0.84,75,207,0.362,10.89,4,10,5,0.342,3.95,2018
"618",283,"UNC Asheville",9,16,0.56,NA,NA,90,5.63,23,1536,1.347,1,1,1,29,1.81,119,0.838,7.44,10,0.63,53,129,0.411,8.06,3,9,4,0.313,3.31,2018
"619",284,"Western Ill.",10,18,0.56,NA,NA,137,7.61,42,1659,2.278,0,0,0,42,2.33,112,0.727,6.22,16,0.89,108,198,0.545,11,3,14,1,0.194,6,2018
"620",285,"Sam Houston St.",10,18,0.56,NA,NA,186,10.33,38,1702,2.009,0,2,0,32,1.78,122,0.763,6.78,11,0.61,90,234,0.385,13,3,12,3,0.25,5,2018
"621",286,"Prairie View",10,18,0.56,NA,NA,147,8.17,21,1673,1.13,1,3,0.333,42,2.33,120,0.851,6.67,16,0.89,116,205,0.566,11.39,7,9,2,0.444,6.44,2018
"622",287,"UNI",10,18,0.56,NA,NA,130,7.22,17,1692,0.904,1,1,1,54,3,118,0.874,6.56,22,1.22,116,205,0.566,11.39,8,7,3,0.528,6.44,2018
"623",288,"New Hampshire",10,18,0.56,NA,NA,135,7.5,27,1697,1.432,1,2,0.5,42,2.33,102,0.791,5.67,16,0.89,106,229,0.463,12.72,7,9,2,0.444,5.89,2018
"624",289,"San Jose St.",12,22,0.55,NA,NA,296,13.45,19,2122,0.806,1,1,1,44,2,82,0.812,3.73,16,0.73,105,285,0.368,12.95,9,7,6,0.545,4.77,2018
"625",290,"Manhattan",8,15,0.53,NA,NA,161,10.73,16,1469,0.98,1,1,1,28,1.87,89,0.848,5.93,10,0.67,72,142,0.507,9.47,3,8,4,0.333,4.8,2018
"626",291,"A&M-Corpus Christi",9,17,0.53,NA,NA,133,7.82,25,1600,1.406,2,2,1,37,2.18,79,0.76,4.65,14,0.82,123,233,0.528,13.71,5,9,3,0.382,7.24,2018
"627",292,"Evansville",10,19,0.53,NA,NA,166,8.74,32,1785,1.613,1,1,1,36,1.89,126,0.797,6.63,13,0.68,74,169,0.438,8.89,4,12,3,0.289,3.89,2018
"628",293,"Drexel",10,19,0.53,NA,NA,210,11.05,19,1880,0.909,0,0,0,50,2.63,95,0.833,5,20,1.05,129,281,0.459,14.79,7,7,5,0.5,6.79,2018
"629",294,"UC Davis",10,19,0.53,NA,NA,251,13.21,23,1808,1.144,0,0,0,48,2.53,93,0.802,4.89,19,1,107,217,0.493,11.42,7,8,4,0.474,5.63,2018
"630",295,"Michigan St.",9,18,0.5,NA,NA,192,10.67,21,1711,1.105,0,0,0,41,2.28,95,0.819,5.28,16,0.89,74,159,0.465,8.83,5,10,3,0.361,4.11,2018
"631",296,"Syracuse",9,18,0.5,NA,NA,155,8.61,52,1633,2.866,2,3,0.667,31,1.72,103,0.665,5.72,11,0.61,64,134,0.478,7.44,3,15,0,0.167,3.56,2018
"632",297,"Louisiana",9,18,0.5,NA,NA,152,8.44,36,1705,1.9,0,1,0,29,1.61,83,0.697,4.61,10,0.56,76,172,0.442,9.56,3,12,3,0.25,4.22,2018
"633",298,"Delaware",9,18,0.5,NA,NA,155,8.61,27,1675,1.451,0,2,0,33,1.83,97,0.782,5.39,12,0.67,79,174,0.454,9.67,4,12,2,0.278,4.39,2018
"634",299,"UIW",8,16,0.5,NA,NA,140,8.75,33,1437,2.067,0,2,0,30,1.88,112,0.772,7,11,0.69,85,159,0.535,9.94,3,12,1,0.219,5.31,2018
"635",300,"Hampton",7,14,0.5,NA,NA,153,10.93,36,1295,2.502,3,4,0.75,27,1.93,144,0.8,10.29,10,0.71,44,91,0.484,6.5,1,12,1,0.107,3.14,2018
"636",301,"Oakland",9,19,0.47,NA,NA,203,10.68,28,1790,1.408,0,0,0,29,1.53,68,0.708,3.58,10,0.53,77,170,0.453,8.95,4,11,4,0.316,4.05,2018
"637",302,"Delaware St.",9,19,0.47,NA,NA,156,8.21,68,1752,3.493,1,3,0.333,41,2.16,125,0.648,6.58,16,0.84,74,137,0.54,7.21,3,14,2,0.211,3.89,2018
"638",303,"Temple",9,19,0.47,NA,NA,190,10,26,1749,1.338,1,2,0.5,49,2.58,113,0.813,5.95,20,1.05,93,198,0.47,10.42,7,11,1,0.395,4.89,2018
"639",304,"Coastal Caro.",8,17,0.47,NA,NA,131,7.71,21,1569,1.204,3,3,1,44,2.59,77,0.786,4.53,18,1.06,101,226,0.447,13.29,8,8,1,0.5,5.94,2018
"640",305,"Mount St. Mary's",8,17,0.47,NA,NA,149,8.76,32,1590,1.811,0,0,0,38,2.24,72,0.692,4.24,15,0.88,74,166,0.446,9.76,5,9,3,0.382,4.35,2018
"641",306,"Wagner",8,17,0.47,NA,NA,160,9.41,44,1541,2.57,2,2,1,32,1.88,100,0.694,5.88,12,0.71,69,149,0.463,8.76,3,14,0,0.176,4.06,2018
"642",307,"Cornell",7,15,0.47,NA,NA,83,5.53,27,1403,1.731,0,0,0,23,1.53,112,0.806,7.47,8,0.53,48,110,0.436,7.33,1,13,1,0.1,3.2,2018
"643",308,"Wofford",8,18,0.44,NA,NA,140,7.78,48,1640,2.634,0,3,0,48,2.67,135,0.738,7.5,20,1.11,109,238,0.458,13.22,4,13,1,0.25,6.06,2018
"644",309,"New Mexico St.",8,18,0.44,NA,NA,198,11,43,1544,2.506,1,1,1,40,2.22,97,0.693,5.39,16,0.89,92,217,0.424,12.06,2,16,0,0.111,5.11,2018
"645",310,"Utah St.",8,18,0.44,NA,NA,201,11.17,30,1714,1.575,2,2,1,38,2.11,95,0.76,5.28,15,0.83,94,209,0.45,11.61,3,13,2,0.222,5.22,2018
"646",311,"Southern Utah",8,18,0.44,NA,NA,139,7.72,38,1640,2.085,2,2,1,36,2,118,0.756,6.56,14,0.78,71,161,0.441,8.94,2,15,1,0.139,3.94,2018
"647",312,"LIU Brooklyn",8,18,0.44,NA,NA,164,9.11,36,1714,1.89,2,2,1,36,2,133,0.787,7.39,14,0.78,84,153,0.549,8.5,2,13,3,0.194,4.67,2018
"648",313,"Nevada",8,19,0.42,NA,NA,194,10.21,29,1750,1.491,3,4,0.75,36,1.89,100,0.775,5.26,14,0.74,65,151,0.43,7.95,4,13,2,0.263,3.42,2018
"649",314,"Cal Poly",8,19,0.42,NA,NA,204,10.74,41,1857,1.987,1,1,1,38,2,119,0.744,6.26,15,0.79,101,251,0.402,13.21,2,12,5,0.237,5.32,2018
"650",315,"Green Bay",7,17,0.41,NA,NA,130,7.65,41,1590,2.321,3,5,0.6,35,2.06,88,0.682,5.18,14,0.82,60,139,0.432,8.18,2,13,2,0.176,3.53,2018
"651",316,"Air Force",7,17,0.41,NA,NA,165,9.71,22,1650,1.2,2,4,0.5,25,1.47,112,0.836,6.59,9,0.53,66,177,0.373,10.41,2,9,6,0.294,3.88,2018
"652",317,"Montana",9,22,0.41,NA,NA,237,10.77,25,2114,1.064,4,5,0.8,45,2.05,92,0.786,4.18,18,0.82,123,285,0.432,12.95,7,9,6,0.455,5.59,2018
"653",318,"Rhode Island",7,18,0.39,NA,NA,141,7.83,49,1645,2.681,0,1,0,27,1.5,119,0.708,6.61,10,0.56,71,145,0.49,8.06,0,17,1,0.028,3.94,2018
"654",319,"Richmond",7,18,0.39,NA,NA,132,7.33,46,1657,2.498,2,2,1,29,1.61,109,0.703,6.06,11,0.61,66,147,0.449,8.17,2,15,1,0.139,3.67,2018
"655",320,"Pacific",7,18,0.39,NA,NA,131,7.28,50,1652,2.723,3,3,1,33,1.83,112,0.691,6.22,13,0.72,93,216,0.431,12,2,16,0,0.111,5.17,2018
"656",321,"FIU",7,18,0.39,NA,NA,146,8.11,63,1640,3.457,1,1,1,31,1.72,109,0.634,6.06,12,0.67,64,151,0.424,8.39,0,17,1,0.028,3.56,2018
"657",322,"Alcorn",5,15,0.33,NA,NA,70,4.67,87,1341,5.837,0,0,0,21,1.4,138,0.613,9.2,8,0.53,56,105,0.533,7,0,15,0,0,3.73,2018
"658",323,"Saint Peter's",5,16,0.31,NA,NA,127,7.94,49,1462,3.016,0,0,0,27,1.69,100,0.671,6.25,11,0.69,59,123,0.48,7.69,3,12,1,0.219,3.69,2018
"659",324,"Southern U.",5,16,0.31,NA,NA,144,9,30,1500,1.8,1,1,1,25,1.56,174,0.853,10.88,10,0.63,75,153,0.49,9.56,4,10,2,0.313,4.69,2018
"660",325,"Chicago St.",5,17,0.29,NA,NA,172,10.12,77,1550,4.471,2,2,1,27,1.59,186,0.707,10.94,11,0.65,69,119,0.58,7,0,16,1,0.029,4.06,2018
"661",326,"Jackson St.",5,17,0.29,NA,NA,95,5.59,67,1546,3.901,1,1,1,23,1.35,142,0.679,8.35,9,0.53,45,109,0.413,6.41,2,15,0,0.118,2.65,2018
"662",327,"Northern Ill.",5,19,0.26,NA,NA,166,8.74,59,1730,3.069,2,3,0.667,23,1.21,158,0.728,8.32,9,0.47,72,148,0.486,7.79,2,17,0,0.105,3.79,2018
"663",328,"Jacksonville",4,16,0.25,NA,NA,117,7.31,38,1466,2.332,0,0,0,16,1,113,0.748,7.06,6,0.38,59,139,0.424,8.69,1,14,1,0.094,3.69,2018
"664",329,"La.-Monroe",4,17,0.24,NA,NA,161,9.47,57,1539,3.332,0,0,0,18,1.06,156,0.732,9.18,7,0.41,60,127,0.472,7.47,0,17,0,0,3.53,2018
"665",330,"Colorado St.",4,19,0.21,NA,NA,237,12.47,20,1790,1.006,2,3,0.667,24,1.26,67,0.77,3.53,10,0.53,98,226,0.434,11.89,6,9,4,0.421,5.16,2018
"666",331,"Seton Hall",3,18,0.17,NA,NA,160,8.89,31,1700,1.641,2,2,1,17,0.94,92,0.748,5.11,7,0.39,77,188,0.41,10.44,2,12,4,0.222,4.28,2018
"667",332,"Youngstown St.",2,18,0.11,NA,NA,154,8.56,37,1711,1.946,0,0,0,16,0.89,93,0.715,5.17,7,0.39,56,146,0.384,8.11,1,13,4,0.167,3.11,2018
"668",333,"Oregon St.",1,19,0.05,NA,NA,225,11.84,54,1717,2.83,1,1,1,13,0.68,127,0.702,6.68,6,0.32,56,131,0.427,6.89,2,17,0,0.105,2.95,2018
